entity,as_of,population,current_census_median,projected_peak_median,projected_peak_p90,projected_peak_per_100k,benchmark_peak,benchmark_per_100k,benchmark_usable,utilisation_median,prob_exceed_benchmark,lead_time_days,lead_time_days_p25,horizon
Slovenia,2020-10-25,2119843.0,28.43901391416054,1073.9997952812057,2400.0805173499207,50.6641197145829,28.43901391416054,1.3415622720248876,True,37.765015289311165,1.0,0.0,0.0,21
Switzerland,2020-10-25,8740471.0,102.95899567154866,3564.733755122297,7829.63487735508,40.784229535482666,102.95899567154866,1.1779570651461309,True,34.622848949442144,1.0,0.0,0.0,21
Belgium,2020-10-25,11655923.0,413.3516827115731,4217.824370049333,8443.27801000648,36.18610358055156,413.3516827115731,3.5462801419636447,True,10.203960807370004,1.0,0.0,0.0,21
Czechia,2020-10-25,10493990.0,371.3396229041135,3257.7524614126332,6528.929247328267,31.043982902715108,371.3396229041135,3.538593260562603,True,8.772972934950824,1.0,0.0,0.0,21
Armenia,2020-10-25,2780472.0,51.94013284779875,623.8795412452671,1279.994397993329,22.437900516360788,51.97148632655656,1.8691605715344934,True,12.004265903137643,1.0,0.0,0.0,21
Georgia,2020-10-25,3744385.0,41.85749067958943,778.998233318561,1660.1990396253627,20.8044373994277,41.85749067958943,1.1178735808307487,True,18.6107246438071,1.0,0.0,0.0,21
Croatia,2020-10-25,4030361.0,30.909497604596453,668.3601906116212,1429.221779549305,16.58313462768276,30.909497604596453,0.7669163532645451,False,,,,,21
France,2020-10-25,67813000.0,1284.8621773696511,10986.544411138697,21992.36273468333,16.201236357540143,1284.8621773696511,1.8947136645918203,True,8.550757119826011,1.0,0.0,0.0,21
Bosnia and Herzegovina,2020-10-25,3233530.0,24.855905084935255,441.77446269456453,941.6831297025557,13.662296706527062,24.855905084935255,0.7686925769958917,False,,,,,21
Italy,2020-10-25,59037472.0,326.6063378499082,7640.888201357662,16407.726325503176,12.942437984739017,354.73398145156636,0.6008624174347545,False,,,,,21
Spain,2020-10-25,47558632.0,866.3287023718586,4880.397772996344,9639.668037307705,10.261854825841805,868.9110456492299,1.8270312015056067,True,5.616682855435249,1.0,0.0,0.0,21
Netherlands,2020-10-25,17564020.0,437.0121816823456,1701.278031085765,3108.6793911821546,9.686154030146657,437.0121816823456,2.4881102485783186,True,3.8929762198766027,1.0,0.0,0.0,21
Poland,2020-10-25,39857144.0,276.89937212844995,3755.4991578121676,7737.523639842096,9.422399050499374,276.89937212844995,0.694729587570173,False,,,,,21
Austria,2020-10-25,8939617.0,76.86313835703754,784.3996064640789,1616.4777300833125,8.774420721425527,76.86313835703754,0.8598034832704526,False,,,,,21
Slovakia,2020-10-25,5643455.0,71.05367046639353,479.2769605510985,938.9970532106981,8.49261596931487,71.05367046639353,1.259045575208689,True,6.74528081948678,1.0,0.0,0.0,21
Lithuania,2020-10-25,2750058.0,11.888092376561243,199.775376858056,424.40607776855666,7.264405945549366,11.888092376561243,0.43228515095177056,False,,,,,21
Bulgaria,2020-10-25,6781955.0,31.670887528503755,491.47491117567023,1039.6597755938424,7.246802893497085,31.670887528503755,0.466987579960406,False,,,,,21
United Kingdom,2020-10-25,67508936.0,1050.3329122692758,3975.559163117867,7392.196937438788,5.888937670589071,1050.3329122692758,1.5558427883817867,True,3.78504673773247,1.0,0.0,0.0,21
Ireland,2020-10-25,5023108.0,45.582191264716094,281.78405482920044,543.4741886504355,5.609755052632762,48.59492795647804,0.9674274962130626,False,,,,,21
Portugal,2020-10-25,10270857.0,91.3159445351221,562.6220286233644,1089.5495638333603,5.477848913906253,91.3159445351221,0.8890781415330979,False,,,,,21
Germany,2020-10-25,83369840.0,296.92502560007017,4367.126904535239,9241.43170362063,5.238257509592485,335.8203715121251,0.40280798369305393,False,,,,,21
Serbia,2020-10-25,6871547.0,9.423694971072406,343.971090376301,783.5952188473747,5.005730010670101,28.21844725362618,0.4106563959123932,False,,,,,21
Hungary,2020-10-25,9967304.0,79.74777036991236,482.0893461615469,956.6036890552466,4.83670756065579,79.96591172507394,0.8022822593258311,False,,,,,21
North Macedonia,2020-10-25,2093606.0,21.71577162230536,92.11685292895585,173.44335871785725,4.39991349513499,21.71577162230536,1.0372425194762225,True,4.2419332147671875,1.0,0.0,0.0,21
Argentina,2020-10-25,45510324.0,1011.0531670329459,1842.7135449589623,3191.251460751271,4.049001156218888,1018.8862250747674,2.238802398055367,True,1.8085567353938279,0.88,1.0,0.0,21
Greece,2020-10-25,10384972.0,29.51023059988995,404.35014600468315,859.412995783648,3.893608437313872,29.588080037357273,0.2849124681063875,False,,,,,21
Sweden,2020-10-25,10549349.0,46.94811338728816,407.63735058059876,829.6420507663485,3.8640995816955037,76.90363224518265,0.7289893646061255,False,,,,,21
Romania,2020-10-25,19659270.0,194.99495382512833,756.4337380945411,1392.7767054780045,3.847720378704505,194.99495382512833,0.9918728102575952,False,,,,,21
Congo,2020-10-25,5970430.0,0.39584777882005145,219.24181351593137,396.24651695796365,3.6721276945870125,5.281984892060898,0.08846908668321876,False,,,,,21
Azerbaijan,2020-10-25,10358078.0,14.689290091541885,349.22902950382377,755.8759190368478,3.3715620745839505,40.767761561870756,0.3935842302198415,False,,,,,21
Jordan,2020-10-25,11285875.0,95.0007064237897,378.7856627260814,697.2970952580538,3.3562808619276874,95.0007064237897,0.8417664241699442,False,,,,,21
Lebanon,2020-10-25,5489744.0,90.79939321646754,180.7052242655164,318.03718462469146,3.291687631800616,91.59164226884548,1.668413723278271,True,1.9729444716702338,0.9266666666666666,1.0,0.0,21
United States,2020-10-25,338289856.0,3701.29459052706,10520.980978421316,18766.978582162144,3.1100492053835973,4920.173556536274,1.454425389727404,True,2.1383353366558726,0.9466666666666667,6.0,1.0,21
Bahrain,2020-10-25,1472237.0,33.85407961647475,45.21478089488477,78.00992120613326,3.071161837046941,49.39058835317563,3.354798741858521,True,0.91545337689782,0.41333333333333333,,12.0,21
Denmark,2020-10-25,5882259.0,32.31326624668687,171.2450742724714,341.5859059936396,2.9112127546997066,34.26579052975103,0.5825277419738069,False,,,,,21
Israel,2020-10-25,9449000.0,281.07128151526206,266.7223372824718,445.9365260601496,2.822757300057909,394.5173654788796,4.175228759433587,True,0.6760724891253254,0.15666666666666668,,,21
Latvia,2020-10-25,1850654.0,5.924582976602139,51.90794537716734,104.00412321340823,2.8048433352299966,5.924582976602139,0.32013455657308926,False,,,,,21
Kuwait,2020-10-25,4268886.0,46.37985723491963,119.14233959064171,212.06511408687132,2.790946855705252,63.08053899285886,1.4776815073735599,True,1.888733696522939,0.9033333333333333,7.0,2.0,21
Puerto Rico,2020-10-25,3252412.0,26.247387358436818,85.29465485013337,156.08778086670952,2.6225046165778925,26.40549986257965,0.8118743831525541,False,,,,,21
Albania,2020-10-25,2842318.0,12.614582800699367,70.96847766075751,139.22093105651842,2.4968521347983414,12.701082941361578,0.44685650730711973,False,,,,,21
Ukraine,2020-10-25,39701744.0,341.6117106068998,969.5101905737752,1728.8209346592744,2.441983885075112,343.6551527938684,0.8655920827907922,False,,,,,21
Costa Rica,2020-10-25,5180836.0,88.14485793235548,126.44512519217918,211.52616071435148,2.4406316894064815,90.488167547894,1.7465939386595906,True,1.3973664029084656,0.7566666666666667,3.0,0.0,21
Moldova,2020-10-25,3272993.0,57.150621939692854,74.08658809429653,124.01461032210666,2.2635730688790514,58.02114058129867,1.7727242490680142,True,1.2768895501198758,0.68,4.0,0.0,21
Colombia,2020-10-25,51874028.0,547.220463287045,1045.3986626927312,1822.7346588741532,2.015264098428468,822.2613859072162,1.5851118904959842,True,1.2713702486944873,0.7033333333333334,11.0,5.0,21
Libya,2020-10-25,6812344.0,58.817133571041865,131.7357095050338,232.90897654936308,1.9337794671706803,59.224806795412036,0.8693748700214204,False,,,,,21
United Arab Emirates,2020-10-25,9441138.0,84.58089915403656,182.42197823478216,318.4146035778978,1.9322032813711882,84.80535224533207,0.8982534970395738,False,,,,,21
Russia,2020-10-25,144713312.0,869.0105571310139,2623.6455251524258,4673.35792780779,1.8129952862611738,870.8156989683116,0.6017523107814101,False,,,,,21
Sri Lanka,2020-10-25,21832150.0,8.08895652660721,382.44604412768354,913.2280292011619,1.7517562133261428,8.08895652660721,0.03705066393647538,False,,,,,21
Djibouti,2020-10-25,1120851.0,0.14417983884294816,19.417376531998876,50.642610603047345,1.732378035260608,9.185829598559952,0.8195406524649532,False,,,,,21
Nepal,2020-10-25,30547586.0,206.97429818385532,524.1702457530155,926.8841430197285,1.715913806586928,206.97429818385532,0.6775471494993265,False,,,,,21
Panama,2020-10-25,4408582.0,51.705735116225995,75.61124430567625,127.15694118443915,1.7150921612817058,80.31826050192845,1.8218615532597204,True,0.9413954414993938,0.42333333333333334,,9.0,21
Tunisia,2020-10-25,12356116.0,90.17945084649594,192.78228962739644,337.34495319242535,1.5602175443108208,90.90188256532399,0.7356833050557633,False,,,,,21
Qatar,2020-10-25,2695131.0,16.333793811541007,41.595049223559215,74.38060445421473,1.5433405360837456,131.31871867898934,4.872442886041136,True,0.3167488202899616,0.0033333333333333335,,,21
Palestine,2020-10-25,5250076.0,36.95809206521227,75.32936806092354,133.87993715623523,1.4348243351319778,58.122722836762286,1.1070834562540102,True,1.2960399028876561,0.72,13.0,7.0,21
Turkey,2020-10-25,85341248.0,640.6776650077531,1191.7560335230492,2075.8438063485887,1.3964595801587636,654.7000075401288,0.7671554176710995,False,,,,,21
Morocco,2020-10-25,37457976.0,200.93840540387262,516.4319143911353,919.2540031855805,1.3786967944854662,202.07153460641726,0.5394619682772429,False,,,,,21
Brazil,2020-10-25,215313504.0,1906.8705564764773,2946.0559619814285,5104.121329338793,1.3682634424924078,3395.9586475246497,1.5772158199258368,True,0.8675182084825561,0.37666666666666665,,14.0,21
Norway,2020-10-25,5434324.0,10.215549158492374,72.05522735322866,145.93075217139054,1.325928070413701,15.541521634700416,0.28598813090092556,False,,,,,21
Honduras,2020-10-25,10432858.0,45.795965792064294,131.02546325399803,238.18341826482228,1.2558923283916836,57.52032129876936,0.5513381021649999,False,,,,,21
Oman,2020-10-25,4576300.0,47.02085184273902,56.98038083292775,92.66116643788386,1.245119000785083,108.37299166962555,2.368135648222921,True,0.5257802701122446,0.03666666666666667,,,21
Peru,2020-10-25,34049588.0,268.99723064568934,413.29033230849393,724.0553644493714,1.213789524585419,603.1881469222056,1.7714991057225293,True,0.6851764816953487,0.20333333333333334,,,21
Paraguay,2020-10-25,6780745.0,59.398991243344426,81.60049126052385,136.1095328984848,1.2034148351032794,60.6561456713294,0.8945351236675233,False,,,,,21
Iraq,2020-10-25,44496124.0,285.6219894082519,526.1261666383648,930.8535974901812,1.18240898159661,332.6001655417989,0.7474812087942736,False,,,,,21
Ecuador,2020-10-25,18001002.0,70.12516605318879,183.62883854951798,334.63045045899634,1.020103428406474,79.11664193610481,0.43951243345289787,False,,,,,21
Estonia,2020-10-25,1326064.0,2.910785762550311,13.234455142069073,26.39612484869691,0.9980253699722693,25.05119670972789,1.8891393409162671,True,0.528296324340061,0.12333333333333334,,,21
Chile,2020-10-25,19603736.0,123.7568880637051,194.59946378926026,338.72357269247124,0.9926651929472029,529.7390716834984,2.7022352865979142,True,0.3673496522935861,0.0033333333333333335,,,21
Iran,2020-10-25,88550568.0,299.0469038252731,875.6547449273339,1575.957118722953,0.9888753564260977,299.9836556785905,0.33877101237633,False,,,,,21
Canada,2020-10-25,38454328.0,151.58354901137326,373.0163708896302,659.4136187043059,0.9700244167304918,152.5080691037612,0.39659533018952037,False,,,,,21
Belarus,2020-10-25,9534956.0,34.03823011773807,80.3035138476619,140.9741999646665,0.8422011999600407,70.59785422190521,0.7404109072124214,False,,,,,21
Mexico,2020-10-25,127504120.0,382.3183483241156,1013.2911589127451,1803.3575457742484,0.7947124837320905,536.5670669310673,0.4208233168709115,False,,,,,21
Malaysia,2020-10-25,33938216.0,30.075452804817505,193.6295441837316,373.6589636039565,0.5705354229100658,30.075452804817505,0.08861824912899813,False,,,,,21
Finland,2020-10-25,5540745.0,14.477379232536883,28.74661667341956,50.536555683112645,0.518822228299977,14.692438836177246,0.2651708179347226,False,,,,,21
Dominican Republic,2020-10-25,11228821.0,37.99119457335114,57.485711319554966,99.97308903356739,0.5119478823249116,101.61493907959475,0.9049475370530418,False,,,,,21
Lesotho,2020-10-25,2305826.0,1.09380327765397,10.827832488428466,24.15387680164694,0.469585844223652,1.7637302991369026,0.07649017311526987,False,,,,,21
Botswana,2020-10-25,2630300.0,7.7628015886458295,11.369003808510561,17.891868520899383,0.4322322095772559,7.7628015886458295,0.295129893496781,False,,,,,21
India,2020-10-25,1417173120.0,5623.72763292572,6096.236730938078,9834.70031028486,0.430168808941146,6861.142683348667,0.48414287474974593,False,,,,,21
South Africa,2020-10-25,59893884.0,120.08969347274731,245.82259019119897,434.60550076953797,0.4104302038438498,873.875339367652,1.4590393559510217,True,0.28130166754571595,0.0,,,21
Guatemala,2020-10-25,17843914.0,41.9871975401183,68.50964370397472,118.6325858075954,0.38393843247605164,87.6881562304826,0.4914177250040692,False,,,,,21
Uruguay,2020-10-25,3422796.0,1.6950229216811747,12.560795385662981,25.16355029886298,0.3669747009656135,1.6950229216811747,0.049521587663453354,False,,,,,21
Kenya,2020-10-25,54027484.0,22.199662952505342,183.22356331944496,367.17188759356594,0.3391302902786385,47.5025213749369,0.0879228826849255,False,,,,,21
Trinidad and Tobago,2020-10-25,1531043.0,3.9009933643075634,4.92655345659977,8.489931850529958,0.3217776023664763,7.978720192285172,0.5211297260942489,False,,,,,21
Jamaica,2020-10-25,2827382.0,8.802356221707317,8.641110639164506,14.14195159491554,0.30562232620723007,11.21818554601225,0.39676936282441677,False,,,,,21
Myanmar,2020-10-25,54179312.0,86.38013251370734,164.46603063739167,285.47763847258534,0.3035587285371798,86.95776883386911,0.16049995030182204,False,,,,,21
El Salvador,2020-10-25,6336393.0,10.809129390753089,18.407142780028643,30.784264176905083,0.2904987550492629,30.825265539971436,0.486479698149585,False,,,,,21
Namibia,2020-10-25,2567024.0,4.835087812652377,7.197589518342949,12.494278811059173,0.2803865300185331,15.877081420921147,0.6185014795701618,False,,,,,21
New Zealand,2020-10-25,5185289.0,0.1895004881016274,14.381044608519787,37.85410846976331,0.27734316464366376,3.256965458149702,0.06281164768539808,False,,,,,21
Mauritius,2020-10-25,1299478.0,0.12260549054795986,3.1924345649405566,7.235516698357884,0.2456705357797944,1.0033559049580623,0.07721222713720911,False,,,,,21
Kazakhstan,2020-10-25,19397998.0,19.521588742283686,44.30299134888007,78.87425613664662,0.22838950364300517,154.06061034192885,0.7942088165073986,False,,,,,21
Bolivia,2020-10-25,12224114.0,25.213749636271636,24.091696750389097,40.02754038460601,0.19708337757966835,117.69735728962627,0.9628293493469242,False,,,,,21
Venezuela,2020-10-25,28301700.0,54.5169027493398,53.20096014463451,87.69329756670638,0.18797796649895415,78.32325687791881,0.27674400081238515,False,,,,,21
Philippines,2020-10-25,115559008.0,197.9625094129612,215.19517225148488,343.5030338237104,0.1862210276601586,315.0822449941845,0.2726591811814312,False,,,,,21
Indonesia,2020-10-25,275501344.0,318.54959638070284,497.9039616428502,858.2931496738931,0.18072650913922592,324.1311960201033,0.11765140282586181,False,,,,,21
Cuba,2020-10-25,11212198.0,2.7857794636870246,16.428269942679812,33.23809631807535,0.14652140412325768,4.160379680723004,0.037105834919460075,False,,,,,21
Saudi Arabia,2020-10-25,36408824.0,34.4498435848199,46.62197047429505,77.84125241875641,0.12805129458258538,290.4035745371556,0.7976186611716862,False,,,,,21
Angola,2020-10-25,35588996.0,10.08233051684343,44.27602754717921,84.04481118231368,0.12440931895684612,10.08233051684343,0.028329909944195753,False,,,,,21
Eswatini,2020-10-25,1201680.0,1.4014444539338364,1.4019523730182695,2.2470806233129483,0.11666603197342633,5.738369576019377,0.4775289241744372,False,,,,,21
Bangladesh,2020-10-25,171186368.0,109.84026022524358,190.4053458387164,330.21001975985075,0.11122693241480326,269.74699783562846,0.1575750458328717,False,,,,,21
Mozambique,2020-10-25,32969520.0,10.726138276489142,35.767374354309496,68.28586377345071,0.10848618467696677,13.462769827114922,0.04083398795953026,False,,,,,21
Algeria,2020-10-25,44903228.0,12.582441447414773,32.90153014335499,58.61676579885976,0.07327208222837564,44.3965985650263,0.09887173048010336,False,,,,,21
Japan,2020-10-25,123951696.0,39.54296472640782,75.39520555970583,131.3402683889801,0.06082627990802629,89.00737959483328,0.07180811757092317,False,,,,,21
Ethiopia,2020-10-25,123379928.0,57.303787834328375,73.38112919508008,121.52685444744314,0.05947574324656769,101.02153003581299,0.08187841545491337,False,,,,,21
Tajikistan,2020-10-25,9952789.0,3.123835338528819,5.3290722279188305,9.229084705259794,0.05354350652785697,11.32835013923162,0.11382086105946404,False,,,,,21
Afghanistan,2020-10-25,41128772.0,3.7000512536916013,20.814631982858625,40.4494233782621,0.05060844506336981,50.69613818127082,0.12326197869771269,False,,,,,21
Pakistan,2020-10-25,235824864.0,46.98052938960248,95.98819679157006,169.69617771446028,0.0407031706341067,374.98685884008694,0.15901073893552078,False,,,,,21
Togo,2020-10-25,8848700.0,1.1127171994451321,3.4822028560766087,6.33658805714547,0.039352705550833554,1.283630568285537,0.014506431094799653,False,,,,,21
Zimbabwe,2020-10-25,16320539.0,1.3148786421890306,5.9330142793675495,11.753365628910817,0.036353053531917964,10.65186989005575,0.06526665504157521,False,,,,,21
Singapore,2020-10-25,5637022.0,0.9289845821918166,1.9969393730862945,3.8512099202969363,0.03542543160353631,55.47394626327627,0.9841002263832973,False,,,,,21
Uganda,2020-10-25,47249588.0,11.28646924417352,16.631401007577672,28.835678092417346,0.03519903921189254,14.096654721046994,0.02983445002958966,False,,,,,21
Zambia,2020-10-25,20017670.0,4.697953902011207,5.497098393999719,9.013837669300418,0.027461229973317174,17.283671042102846,0.08634207198991115,False,,,,,21
Guinea,2020-10-25,13859349.0,3.4409199732716145,3.596625398602661,5.744685322417344,0.02595089710636958,5.985964003322014,0.043190802131629805,False,,,,,21
South Korea,2020-10-25,51815808.0,6.213690972091669,13.263537892267834,23.444168763974048,0.025597473829353068,26.58707931484428,0.051310749250198476,False,,,,,21
Syria,2020-10-25,22125242.0,3.631092590688897,5.540399629792226,9.257770479616644,0.02504108036328925,5.398570581778618,0.02440005212950266,False,,,,,21
Egypt,2020-10-25,110990096.0,9.502810286016267,27.173634574874118,49.102139128387925,0.024482936364767286,113.98437687965614,0.10269779105304688,False,,,,,21
Gabon,2020-10-25,2388997.0,0.5072760581060545,0.5814932424405866,0.9176079951774118,0.024340476042480866,8.042970694645899,0.3366672580436852,False,,,,,21
Mauritania,2020-10-25,4736146.0,0.5968085342561753,1.1148371395692718,1.959251883079291,0.023538909897821387,11.149958899456113,0.23542261787233992,False,,,,,21
Haiti,2020-10-25,11585003.0,0.8879295402936143,2.678777102753862,5.113389982135036,0.023122800250926667,11.505991455199599,0.09931798425256859,False,,,,,21
Cameroon,2020-10-25,27914542.0,2.6137255248077267,5.999921742650272,10.716193212512879,0.021493892834244858,20.69801541863184,0.07414778798316604,False,,,,,21
Equatorial Guinea,2020-10-25,1674916.0,0.16707695105066206,0.31500075578152664,0.6119370828837405,0.0188069584254689,5.406367107838845,0.3227843729380366,False,,,,,21
Ghana,2020-10-25,33475870.0,3.5068377898009198,5.5359062363421705,9.483394926573663,0.01653700482270415,48.40915315494351,0.14460909650725587,False,,,,,21
Senegal,2020-10-25,17316452.0,2.0551152436853366,2.7924597956269492,4.84201449361856,0.01612605050749974,9.640174841112032,0.05567061220804372,False,,,,,21
Nicaragua,2020-10-25,6948395.0,0.8714221570552287,1.1113282168391092,1.853550140889896,0.015994027640039307,4.523152611795577,0.06509636558939981,False,,,,,21
Rwanda,2020-10-25,13776702.0,0.7463738863684279,2.188104352511285,3.9516818349229634,0.015882642685537404,6.9908941672243445,0.05074432304062572,False,,,,,21
Madagascar,2020-10-25,29611718.0,2.0874557127100255,4.4630095617849666,8.41358850193512,0.015071768418789367,23.238897125708647,0.07847871955861746,False,,,,,21
Gambia,2020-10-25,2705995.0,0.4016612575226668,0.37819423142755976,0.6238334007820312,0.013976161501686431,6.673127779258146,0.2466053255552263,False,,,,,21
Guinea-Bissau,2020-10-25,2105580.0,0.27330703316977417,0.2622714023266215,0.4341414227208962,0.012456016979959036,2.9154699422248056,0.1384639834261726,False,,,,,21
Cote d'Ivoire,2020-10-25,28160548.0,2.7356727455899605,2.648920316865785,4.37820209906684,0.0094064942090821,19.61025522869531,0.06963733528443874,False,,,,,21
Liberia,2020-10-25,5302690.0,0.15031139695334114,0.42891143721334735,0.8117687454468875,0.008088563299256554,1.4351627206354967,0.027064805233485208,False,,,,,21
Australia,2020-10-25,26177410.0,1.5142905232262136,1.9030470849222232,3.1367904363411934,0.007269806619227124,33.016160445398526,0.12612462594809237,False,,,,,21
Eritrea,2020-10-25,3684041.0,0.2550244905785276,0.26729948173388784,0.4226945850163434,0.007255605508567571,0.5246539128204796,0.014241261506603198,False,,,,,21
Benin,2020-10-25,13352864.0,0.6279092014475556,0.9366781051122942,1.4980743214436065,0.0070148104939306965,3.0257110966499443,0.022659641382177968,False,,,,,21
Mali,2020-10-25,22593598.0,1.074286601258454,1.5556793077179678,2.599253446262765,0.00688548724164238,2.707084301130984,0.011981643212077085,False,,,,,21
Somalia,2020-10-25,17597508.0,1.256340537566556,1.1950212629421395,1.9524456464972746,0.006790855062785819,3.641656599506237,0.020694160784050997,False,,,,,21
Chad,2020-10-25,17723312.0,0.6848475750258093,1.196179857373334,2.043200820952972,0.006749189188642247,1.8218988229112894,0.01027967471831049,False,,,,,21
Burkina Faso,2020-10-25,22673764.0,1.3769717577611256,1.341158508774705,2.2092539595345304,0.005915023675710416,1.7957337974530714,0.007919875136095936,False,,,,,21
South Sudan,2020-10-25,10913172.0,0.571704618956669,0.640709026055112,1.0166246400276944,0.005870969742391232,4.0607254844607255,0.03720939690550763,False,,,,,21
Nigeria,2020-10-25,218541216.0,11.247851364371964,11.224929978561203,18.090070265761113,0.005136298856578707,44.90250439589266,0.020546469548285422,False,,,,,21
Sierra Leone,2020-10-25,8605723.0,0.4430339299642094,0.427757755483577,0.7117527878262224,0.004970619615383588,1.9588986529882066,0.022762743502064923,False,,,,,21
Malawi,2020-10-25,20405318.0,0.36749480495197284,0.757040557219744,1.3401257896594188,0.0037100159733837223,7.069773407723622,0.03464672007426506,False,,,,,21
Central African Republic,2020-10-25,5579148.0,0.1585734753299463,0.18427620626190644,0.32589711224893064,0.0033029452931147628,8.287893642809502,0.1485512419245645,False,,,,,21
Democratic Republic of Congo,2020-10-25,99010216.0,1.453948573294771,2.124575060936386,3.492306186643398,0.0021458139844239767,10.769569352773882,0.010877230439305255,False,,,,,21
Vietnam,2020-10-25,98186856.0,0.17271368259825096,2.0907211058797115,4.439166529216026,0.0021293289051639575,1.769974329480203,0.0018026591354347906,False,,,,,21
Papua New Guinea,2020-10-25,10142625.0,0.1836086514781513,0.19404829407564345,0.30550487530937886,0.0019131959830482096,0.9780240759453658,0.00964271158546595,False,,,,,21
Sudan,2020-10-25,46874200.0,0.3891909551673929,0.8873506010365881,1.6514463812069253,0.00189304692354555,13.611128164903015,0.02903756899297058,False,,,,,21
Burundi,2020-10-25,12889583.0,0.18167649317161105,0.24215532878943005,0.4036392915469762,0.0018786901701120203,0.5762590016862115,0.004470734248627061,False,,,,,21
Thailand,2020-10-25,71697024.0,0.5370346471740217,0.9409536973423657,1.6292768007409855,0.0013124027258681833,7.002692550168433,0.009767061670744428,False,,,,,21
Yemen,2020-10-25,33696612.0,0.09400231931342307,0.12067746275359331,0.21166890807264635,0.00035812936550889247,2.206538835774774,0.0065482513072079,False,,,,,21
China,2020-10-25,1425887360.0,1.8945466123011603,3.4697861752592027,6.006404831355434,0.0002433422353403289,234.14051879066557,0.01642068829270396,False,,,,,21
