entity,n_days,active_days,peak_daily,neg_days,neg_max_magnitude,gap_runs,gap_longest,fill_runs,fill_longest,dump_days,dump_max_ratio,weekday_amplitude,weekday_p,neg_rate,gap_severity,fill_severity,dump_rate,weekday_amp,heaping,benford_mad,benford_p,benford_verdict,terminal_p,terminal_verdict,pen_neg_rate,pen_gap_severity,pen_fill_severity,pen_dump_rate,pen_weekday_amp,pen_heaping,pen_benford_mad,penalty,reliability_index,worst_component,worst_component_desc
Antigua and Barbuda,1142,244,468.0,2,1.0,13,5,0,0,11,21.0,0.9305428585743603,0.1377245508982036,0.00819672131147541,5.0,0.0,16.466188524590166,0.9305428585743603,,0.030753975444360655,0.04489922752741942,nonconformity,,insufficient-data,0.4098360655737705,0.35714285714285715,0.0,1.0,0.9305428585743603,,1.0,0.5589647887909843,44.10352112090157,dump_rate,batch releases of withheld cases
Monaco,1142,499,520.0,3,86.0,13,6,1,3,6,43.0,1.604872082977736,0.001996007984031936,0.006012024048096192,6.0,3.0,4.391783567134269,1.604872082977736,,0.03419884179135249,3.882868422226289e-08,nonconformity,,insufficient-data,0.3006012024048096,0.42857142857142855,0.21428571428571427,0.7319639278557114,1.0,,1.0,0.5486392953975177,45.136070460248234,weekday_amp,cases reported in weekday batches
Solomon Islands,1142,202,3063.0,1,3.0,8,21,0,0,1,7.1395348837209305,1.2182106158171675,0.2754491017964072,0.0049504950495049506,21.0,0.0,1.808168316831683,1.2182106158171675,,0.028921860459149247,0.4032926841499373,nonconformity,,insufficient-data,0.24752475247524752,1.0,0.0,0.30136138613861385,1.0,,0.9640620153049749,0.5210732460954004,47.89267539045996,gap_severity,reporting stopped mid-epidemic
Burundi,1142,758,4710.0,0,0.0,45,13,0,0,14,20.0,1.767795291587113,0.001996007984031936,0.0,13.0,0.0,6.746042216358839,1.767795291587113,0.09438775510204077,0.024743069101468812,8.453543341038397e-05,nonconformity,0.4621160133344341,uniform,0.0,0.9285714285714286,0.0,1.0,1.0,0.18877551020408154,0.8247689700489604,0.5088404893187746,49.11595106812254,dump_rate,batch releases of withheld cases
Sudan,1142,741,1284.0,1,13.0,52,21,0,0,11,29.0,1.461319920255184,0.001996007984031936,0.001349527665317139,21.0,0.0,5.422064777327935,1.461319920255184,0.09326424870466317,0.016652143376133993,0.20662019804053355,nonconformity,0.08196087432219074,uniform,0.06747638326585695,1.0,0.0,0.9036774628879892,1.0,0.18652849740932634,0.5550714458711331,0.5047797429913253,49.52202570086747,gap_severity,reporting stopped mid-epidemic
Guinea-Bissau,1142,321,305.0,0,0.0,13,37,0,0,3,17.363636363636363,1.025555945892969,0.00998003992015968,0.0,37.0,0.0,3.413551401869159,1.025555945892969,,0.025230297543837113,0.020076994726581344,nonconformity,,insufficient-data,0.0,1.0,0.0,0.5689252336448598,1.0,,0.8410099181279038,0.5028109187683812,49.718908123161874,gap_severity,reporting stopped mid-epidemic
Papua New Guinea,1142,561,1543.0,1,16.0,30,17,0,0,15,41.45454545454545,1.126303689129272,0.001996007984031936,0.0017825311942959,17.0,0.0,9.766042780748664,1.126303689129272,0.023437499999999986,0.015323649018893548,0.25390993544656437,nonconformity,0.5247268262858615,uniform,0.089126559714795,1.0,0.0,1.0,1.0,0.04687499999999997,0.510788300629785,0.5003959769744482,49.96040230255518,gap_severity,reporting stopped mid-epidemic
Lesotho,1142,509,6925.0,0,0.0,31,20,0,0,20,38.05882352941177,0.8785948616211539,0.11377245508982035,0.0,20.0,0.0,14.351669941060903,0.8785948616211539,0.08928571428571425,0.025044494507011326,0.15610108181920868,nonconformity,0.28562836373469946,uniform,0.0,1.0,0.0,1.0,0.8785948616211539,0.1785714285714285,0.8348164835670442,0.5003157677072396,49.96842322927604,gap_severity,reporting stopped mid-epidemic
San Marino,1142,622,491.0,0,0.0,23,14,0,0,9,195.0,1.2471461426345765,0.001996007984031936,0.0,14.0,0.0,5.284967845659164,1.2471461426345765,0.024999999999999988,0.03307956019658059,1.7772931737499127e-09,nonconformity,0.2368098152177318,uniform,0.0,1.0,0.0,0.8808279742765274,1.0,0.049999999999999975,1.0,0.4896241961414791,51.03758038585209,gap_severity,reporting stopped mid-epidemic
Djibouti,1142,315,415.0,0,0.0,3,4,1,3,5,13.666666666666666,0.970474984424639,0.001996007984031936,0.0,4.0,3.0,5.7976190476190474,0.970474984424639,,0.03752480239136906,2.9701442100835575e-06,nonconformity,,insufficient-data,0.0,0.2857142857142857,0.21428571428571427,0.9662698412698413,0.970474984424639,,1.0,0.4888373221813787,51.116267781862135,weekday_amp,cases reported in weekday batches
Mauritius,1142,679,30006.0,5,41.0,48,13,0,0,6,39.52777777777778,1.5972255619718958,0.001996007984031936,0.007363770250368188,13.0,0.0,3.227540500736377,1.5972255619718958,0.0,0.026831006798155838,0.0062517169922239905,nonconformity,0.5207317614492095,uniform,0.3681885125184094,0.9285714285714286,0.0,0.5379234167893961,1.0,0.0,0.8943668932718613,0.4883302739713986,51.16697260286014,weekday_amp,cases reported in weekday batches
Saint Vincent and the Grenadines,1142,268,2723.0,1,1544.0,16,5,0,0,7,80.5,0.7659164602451763,0.17564870259481039,0.0037313432835820895,5.0,0.0,9.540111940298507,0.7659164602451763,,0.03791603929302843,0.0011111293195719774,nonconformity,,insufficient-data,0.18656716417910446,0.35714285714285715,0.0,1.0,0.7659164602451763,,1.0,0.47737921228708924,52.26207877129107,dump_rate,batch releases of withheld cases
Equatorial Guinea,1142,425,1750.0,1,97.0,33,28,0,0,1,5.181818181818182,1.4305226140543357,0.001996007984031936,0.002352941176470588,28.0,0.0,0.8594117647058823,1.4305226140543357,,0.02956627484572473,0.029020606208857044,nonconformity,,insufficient-data,0.1176470588235294,1.0,0.0,0.14323529411764704,1.0,,0.985542494857491,0.4638727419120323,53.61272580879677,gap_severity,reporting stopped mid-epidemic
Eritrea,1142,340,282.0,0,0.0,9,4,0,0,6,8.545454545454545,1.119655972628119,0.001996007984031936,0.0,4.0,0.0,6.445588235294118,1.119655972628119,,0.04349804418043024,3.44113448806693e-07,nonconformity,,insufficient-data,0.0,0.2857142857142857,0.0,1.0,1.0,,1.0,0.4621848739495798,53.781512605042025,dump_rate,batch releases of withheld cases
Cameroon,1142,839,9668.0,0,0.0,79,18,0,0,11,43.57142857142857,1.1863291891464418,0.003992015968063872,0.0,18.0,0.0,4.788736591179976,1.1863291891464418,0.0,0.02196234004871129,0.03831367182349605,nonconformity,0.10628139236152047,uniform,0.0,1.0,0.0,0.7981227651966627,1.0,0.0,0.7320780016237096,0.4563223148606849,54.3677685139315,gap_severity,reporting stopped mid-epidemic
Seychelles,1142,757,2068.0,3,3.0,49,47,0,0,7,26.75,1.2099157130732516,0.001996007984031936,0.003963011889035667,47.0,0.0,3.3774768824306474,1.2099157130732516,0.0,0.010985089232394997,0.6857524062049263,acceptable,0.5200172087524033,uniform,0.19815059445178335,1.0,0.0,0.5629128137384413,1.0,0.0,0.36616964107983324,0.44237552300511446,55.76244769948855,gap_severity,reporting stopped mid-epidemic
South Sudan,1142,445,503.0,0,0.0,20,11,0,0,6,11.0,1.0074726573503865,0.001996007984031936,0.0,11.0,0.0,4.924719101123595,1.0074726573503865,0.0,0.056473054506741685,1.5024769378030259e-19,nonconformity,0.9296830820478997,uniform,0.0,0.7857142857142857,0.0,0.8207865168539326,1.0,0.0,1.0,0.44097512038523273,55.90248796147672,weekday_amp,cases reported in weekday batches
Gambia,1142,304,587.0,1,100.0,19,11,0,0,2,17.75,0.7138814763751378,0.3872255489021956,0.003289473684210526,11.0,0.0,2.4029605263157894,0.7138814763751378,,0.027003844721615985,0.05495600583272778,nonconformity,,insufficient-data,0.1644736842105263,0.7857142857142857,0.0,0.4004934210526316,0.7138814763751378,,0.9001281573871995,0.4269582613914982,57.304173860850184,gap_severity,reporting stopped mid-epidemic
Iceland,1142,766,7408.0,2,273.0,48,21,1,3,1,6.932307692307693,2.5216155662905555,0.001996007984031936,0.0026109660574412533,21.0,3.0,0.47682767624020883,2.5216155662905555,0.07280219780219782,0.01829742524483206,0.03482077957541715,nonconformity,0.11695690081743355,uniform,0.13054830287206265,1.0,0.21428571428571427,0.07947127937336813,1.0,0.14560439560439564,0.6099141748277354,0.42250957770532094,57.749042229467904,gap_severity,reporting stopped mid-epidemic
United Kingdom,1142,1100,848169.0,3,4787.0,20,5,0,0,27,386.7956989247312,1.4033614148528106,0.001996007984031936,0.0027272727272727275,5.0,0.0,8.965227272727272,1.4033614148528106,0.0,0.024321661245694706,5.673694723384863e-10,nonconformity,0.43644671770741905,uniform,0.13636363636363638,0.35714285714285715,0.0,1.0,1.0,0.0,0.8107220415231569,0.42138025792031375,57.86197420796862,dump_rate,batch releases of withheld cases
Central African Republic,1142,310,4044.0,0,0.0,19,13,0,0,1,7.384615384615385,1.2054057340640205,0.05788423153692615,0.0,13.0,0.0,1.178225806451613,1.2054057340640205,,0.023480044940884428,0.23338938816313035,nonconformity,,insufficient-data,0.0,0.9285714285714286,0.0,0.1963709677419355,1.0,,0.7826681646961476,0.42102913844919054,57.89708615508095,weekday_amp,cases reported in weekday batches
Grenada,1142,320,902.0,1,17.0,16,15,0,0,2,10.5,1.6995099290619213,0.001996007984031936,0.003125,15.0,0.0,2.2828125,1.6995099290619213,0.0,0.018715034182760378,0.46896720095452327,nonconformity,0.7483691589489025,uniform,0.15625,1.0,0.0,0.38046874999999997,1.0,0.0,0.6238344727586793,0.419512036137934,58.048796386206604,gap_severity,reporting stopped mid-epidemic
Bahamas,1142,708,1497.0,1,48.0,19,9,0,0,9,31.333333333333332,1.0324453226650556,0.001996007984031936,0.0014124293785310734,9.0,0.0,4.643008474576271,1.0324453226650556,0.014423076923076907,0.018685159145316894,0.014138339154647746,nonconformity,0.8475078436068171,uniform,0.07062146892655367,0.6428571428571429,0.0,0.7738347457627118,1.0,0.028846153846153813,0.6228386381772298,0.4120969320640735,58.79030679359265,weekday_amp,cases reported in weekday batches
Congo (Kinshasa),1142,960,4481.0,0,0.0,42,16,1,3,6,7.775510204081633,1.1529440710981853,0.001996007984031936,0.0,16.0,3.0,2.2828125,1.1529440710981853,0.0,0.01347857485845107,0.19076605385337497,marginal,0.6404247570988872,uniform,0.0,1.0,0.21428571428571427,0.38046874999999997,1.0,0.0,0.4492858286150357,0.4116774610736089,58.83225389263911,gap_severity,reporting stopped mid-epidemic
Saint Lucia,1142,552,722.0,0,0.0,11,16,0,0,8,35.36363636363637,0.5339535920317929,0.029940119760479042,0.0,16.0,0.0,5.293478260869565,0.5339535920317929,0.0,0.027194437098401344,0.001211280206455151,nonconformity,0.9766634993129775,uniform,0.0,1.0,0.0,0.8822463768115942,0.5339535920317929,0.0,0.9064812366133782,0.40775405715717694,59.224594284282304,gap_severity,reporting stopped mid-epidemic
Samoa,1142,191,1166.0,0,0.0,15,15,0,0,0,0.0,1.588674564733474,0.013972055888223553,0.0,15.0,0.0,0.0,1.588674564733474,,0.027244138292531344,0.32346534372327085,nonconformity,,insufficient-data,0.0,1.0,0.0,0.0,1.0,,0.9081379430843781,0.4063610554755516,59.36389445244483,gap_severity,reporting stopped mid-epidemic
Benin,1142,446,2566.0,1,209.0,54,20,0,0,0,0.0,3.1204564802053643,0.001996007984031936,0.002242152466367713,20.0,0.0,0.0,3.1204564802053643,,0.01363117416486134,0.7850688966843131,marginal,,insufficient-data,0.11210762331838564,1.0,0.0,0.0,1.0,,0.4543724721620447,0.40604723326091685,59.39527667390831,gap_severity,reporting stopped mid-epidemic
Ghana,1142,900,2521.0,0,0.0,42,15,0,0,18,41.6,0.5429218528916065,0.02594810379241517,0.0,15.0,0.0,7.305,0.5429218528916065,0.009562841530054642,0.012878166417909613,0.3408847977358986,marginal,0.10249232811422043,uniform,0.0,1.0,0.0,1.0,0.5429218528916065,0.019125683060109283,0.42927221393032045,0.4057707410892734,59.42292589107265,gap_severity,reporting stopped mid-epidemic
Nicaragua,1142,384,516.0,0,0.0,54,13,0,0,0,0.0,6.036370407149951,0.001996007984031936,0.0,13.0,0.0,0.0,6.036370407149951,,0.0430242860228023,8.68107059222397e-06,nonconformity,,insufficient-data,0.0,0.9285714285714286,0.0,0.0,1.0,,1.0,0.39915966386554613,60.084033613445385,weekday_amp,cases reported in weekday batches
Mexico,1142,1083,109895.0,5,400.0,20,7,0,0,23,236.21153846153845,0.5533363708796881,0.001996007984031936,0.0046168051708217915,7.0,0.0,7.7569252077562325,0.5533363708796881,0.0,0.02691477100476463,2.3050547393012735e-12,nonconformity,0.8466206126336003,uniform,0.23084025854108958,0.5,0.0,1.0,0.5533363708796881,0.0,0.8971590334921544,0.39902645901477884,60.09735409852212,dump_rate,batch releases of withheld cases
Brunei,1142,571,7380.0,1,18.0,31,15,0,0,2,181.08,1.4842367328784365,0.001996007984031936,0.0017513134851138354,15.0,0.0,1.2793345008756567,1.4842367328784365,0.052579365079365066,0.019647626525125014,0.1257500875024416,nonconformity,0.5421637308683493,uniform,0.08756567425569177,1.0,0.0,0.21322241681260945,1.0,0.10515873015873013,0.6549208841708338,0.39801635110538097,60.19836488946191,gap_severity,reporting stopped mid-epidemic
Tanzania,1142,425,24307.0,0,0.0,44,43,0,0,0,0.0,2.404938008376159,0.001996007984031936,0.0,43.0,0.0,0.0,2.404938008376159,,0.02143683237134931,0.8902615616073175,nonconformity,,insufficient-data,0.0,1.0,0.0,0.0,1.0,,0.714561079044977,0.39497418112029276,60.50258188797073,gap_severity,reporting stopped mid-epidemic
Mongolia,1142,801,24556.0,1,1417.0,29,11,1,3,11,12.576470588235294,0.6065136120806657,0.001996007984031936,0.0012484394506866417,11.0,3.0,5.015917602996255,0.6065136120806657,0.0,0.007705185245872782,0.6898506320648246,acceptable,0.7426080995657058,uniform,0.062421972534332085,0.7857142857142857,0.21428571428571427,0.8359862671660424,0.6065136120806657,0.0,0.2568395081957594,0.3917013518036606,60.82986481963394,dump_rate,batch releases of withheld cases
Burkina Faso,1142,487,1005.0,0,0.0,11,19,1,4,0,0.0,0.9771124105170711,0.001996007984031936,0.0,19.0,4.0,0.0,0.9771124105170711,0.0,0.04867875070522309,1.2091466682172514e-15,nonconformity,0.7674540124582246,uniform,0.0,1.0,0.2857142857142857,0.0,0.9771124105170711,0.0,1.0,0.3894240044347035,61.05759955652965,gap_severity,reporting stopped mid-epidemic
Tonga,1142,242,832.0,0,0.0,17,13,0,0,2,5.818181818181818,0.8513794239682482,0.5249500998003992,0.0,13.0,0.0,3.018595041322314,0.8513794239682482,0.0,0.02752901262174415,0.49189610408695694,nonconformity,0.3288610180797954,uniform,0.0,0.9285714285714286,0.0,0.503099173553719,0.8513794239682482,0.0,0.9176337540581384,0.38833919161691627,61.16608083830837,gap_severity,reporting stopped mid-epidemic
Namibia,1142,831,4210.0,2,621.0,13,15,0,0,10,17.85,0.45570811326949456,0.005988023952095809,0.0024067388688327317,15.0,0.0,4.395306859205776,0.45570811326949456,0.029947916666666664,0.014782991549450543,0.04989076904042185,marginal,0.4947995600298367,uniform,0.12033694344163659,1.0,0.0,0.7325511432009626,0.45570811326949456,0.05989583333333333,0.4927663849816848,0.38592897140798005,61.40710285920199,gap_severity,reporting stopped mid-epidemic
Guinea,1142,683,534.0,0,0.0,16,21,0,0,9,11.76923076923077,0.6051773382471967,0.001996007984031936,0.0,21.0,0.0,4.812957540263543,0.6051773382471967,0.012605042016806713,0.01246507125223331,0.30136472258362007,marginal,0.31185668976163194,uniform,0.0,1.0,0.0,0.8021595900439239,0.6051773382471967,0.025210084033613425,0.4155023750744437,0.38565717060243226,61.43428293975677,gap_severity,reporting stopped mid-epidemic
Liechtenstein,1142,484,349.0,2,3.0,13,5,1,3,3,6.290322580645161,1.1947474137226837,0.001996007984031936,0.004132231404958678,5.0,3.0,2.2639462809917354,1.1947474137226837,0.0,0.038679869257136054,1.6788404929239274e-09,nonconformity,0.21629271489818191,uniform,0.2066115702479339,0.35714285714285715,0.21428571428571427,0.37732438016528924,1.0,0.0,1.0,0.3836352567886659,61.63647432113342,weekday_amp,cases reported in weekday batches
Ecuador,1142,1085,17670.0,5,7953.0,45,16,0,0,4,12.733333333333333,0.7403498777325718,0.001996007984031936,0.004608294930875576,16.0,0.0,1.3465437788018433,0.7403498777325718,0.0,0.02144407357412689,6.748488363223097e-09,nonconformity,0.3202547220118591,uniform,0.2304147465437788,1.0,0.0,0.22442396313364055,0.7403498777325718,0.0,0.7148024524708964,0.3765391480622324,62.34608519377676,gap_severity,reporting stopped mid-epidemic
Ireland,1142,1087,43199.0,4,5532.0,45,13,0,0,1,5.506132461161079,1.9628858840343324,0.001996007984031936,0.0036798528058877645,13.0,0.0,0.3360165593376265,1.9628858840343324,0.0,0.02423568013561666,2.1705380297855252e-07,nonconformity,0.38020813229832257,uniform,0.18399264029438822,0.9285714285714286,0.0,0.05600275988960441,1.0,0.0,0.8078560045205554,0.37487745655406035,62.51225434459396,weekday_amp,cases reported in weekday batches
Honduras,1142,1068,12890.0,1,20.0,59,19,0,0,6,14.393258426966293,0.7177471182955037,0.003992015968063872,0.0009363295880149813,19.0,0.0,2.0519662921348316,0.7177471182955037,0.030249110320284683,0.02797100336388582,8.657306253766846e-10,nonconformity,0.5341462169096917,uniform,0.04681647940074906,1.0,0.0,0.34199438202247195,0.7177471182955037,0.06049822064056937,0.932366778796194,0.37401759296374126,62.598240703625876,gap_severity,reporting stopped mid-epidemic
Yemen,1142,328,287.0,1,1.0,1,4,1,4,3,11.48,0.46763658072622627,0.001996007984031936,0.003048780487804878,4.0,4.0,3.3407012195121952,0.46763658072622627,,0.028454181088980297,0.0028355448419508334,nonconformity,,insufficient-data,0.1524390243902439,0.2857142857142857,0.2857142857142857,0.5567835365853658,0.46763658072622627,,0.9484727029660099,0.3732808745145573,62.67191254854427,dump_rate,batch releases of withheld cases
Costa Rica,1142,1032,55406.0,0,0.0,57,48,0,0,1,5.636363636363637,2.091897842343526,0.001996007984031936,0.0,48.0,0.0,0.3539244186046511,2.091897842343526,0.062499999999999986,0.02533981950182526,8.475726443416966e-06,nonconformity,0.015537072918201448,uniform,0.0,1.0,0.0,0.05898740310077519,1.0,0.12499999999999997,0.8446606500608421,0.3698311429681584,63.01688570318416,gap_severity,reporting stopped mid-epidemic
Zimbabwe,1142,969,9185.0,1,6.0,12,34,0,0,4,11.525,0.8911091755926025,0.001996007984031936,0.0010319917440660474,34.0,0.0,1.5077399380804954,0.8911091755926025,0.03490028490028489,0.013421288552520063,0.07758461795120832,marginal,0.5980273682946111,uniform,0.05159958720330237,1.0,0.0,0.2512899896800826,0.8911091755926025,0.06980056980056978,0.4473762850840021,0.3645186919558488,63.54813080441512,gap_severity,reporting stopped mid-epidemic
Georgia,1142,958,26524.0,0,0.0,32,42,1,3,0,0.0,1.134274413246897,0.001996007984031936,0.0,42.0,3.0,0.0,1.134274413246897,0.0012057877813504564,0.017599433952530046,9.67158247526257e-05,nonconformity,0.48636330199921896,uniform,0.0,1.0,0.21428571428571427,0.0,1.0,0.0024115755627009128,0.5866477984176682,0.36183698339814563,63.81630166018544,gap_severity,reporting stopped mid-epidemic
Andorra,1142,756,2313.0,0,0.0,43,13,0,0,3,5.75,2.1655891667934193,0.001996007984031936,0.0,13.0,0.0,1.4494047619047619,2.1655891667934193,0.0,0.019009795202242864,0.0038566445438448847,nonconformity,0.8577226181899533,uniform,0.0,0.9285714285714286,0.0,0.24156746031746032,1.0,0.0,0.6336598400747622,0.35720382533707146,64.27961746629285,weekday_amp,cases reported in weekday batches
Luxembourg,1142,1019,5497.0,1,1348.0,20,12,0,0,3,23.133333333333333,1.2971195676108191,0.001996007984031936,0.0009813542688910696,12.0,0.0,1.0753189401373895,1.2971195676108191,0.027509652509652496,0.019339254002315162,0.0005048059211082804,nonconformity,0.571093668446278,uniform,0.049067713444553476,0.8571428571428571,0.0,0.17921982335623157,1.0,0.05501930501930499,0.6446418000771721,0.3557529305205283,64.42470694794717,weekday_amp,cases reported in weekday batches
Chad,1142,239,596.0,0,0.0,7,28,0,0,0,0.0,0.6689725390661838,0.2874251497005988,0.0,28.0,0.0,0.0,0.6689725390661838,,0.06007855394557445,6.9557397981856624e-12,nonconformity,,insufficient-data,0.0,1.0,0.0,0.0,0.6689725390661838,,1.0,0.3533480951293265,64.66519048706735,gap_severity,reporting stopped mid-epidemic
Finland,1142,1050,50889.0,0,0.0,45,20,0,0,3,17.63978494623656,2.4792002447272234,0.001996007984031936,0.0,20.0,0.0,1.0435714285714286,2.4792002447272234,0.019814502529510933,0.0123953961619238,0.056596592673075756,marginal,0.5724414966487026,uniform,0.0,1.0,0.0,0.17392857142857143,1.0,0.039629005059021866,0.4131798720641267,0.3526926300763453,64.73073699236546,gap_severity,reporting stopped mid-epidemic
Maldives,1142,893,2838.0,0,0.0,29,14,0,0,0,0.0,1.315450386739749,0.001996007984031936,0.0,14.0,0.0,0.0,1.315450386739749,0.008084577114427852,0.03695910267804572,1.241804187555897e-16,nonconformity,0.9909867034716922,uniform,0.0,1.0,0.0,0.0,1.0,0.016169154228855703,1.0,0.3524253731343283,64.75746268656717,gap_severity,reporting stopped mid-epidemic
Australia,1142,1022,175271.0,3,26856.0,8,5,1,3,4,21.472760290556902,0.9827775726084038,0.001996007984031936,0.0029354207436399216,5.0,3.0,1.4295499021526419,0.9827775726084038,0.006259780907668204,0.03261400827543856,1.5804350198970665e-19,nonconformity,0.4008688482487967,uniform,0.14677103718199608,0.35714285714285715,0.21428571428571427,0.2382583170254403,0.9827775726084038,0.012519561815336408,1.0,0.350101810868062,64.9898189131938,weekday_amp,cases reported in weekday batches
Uruguay,1142,988,13612.0,1,21.0,46,11,1,3,0,0.0,1.5484269192723052,0.001996007984031936,0.0010121457489878543,11.0,3.0,0.0,1.5484269192723052,0.0,0.02331757562671366,1.3162749122937706e-05,nonconformity,0.6545313420427934,uniform,0.05060728744939271,0.7857142857142857,0.21428571428571427,0.0,1.0,0.0,0.7772525208904554,0.3489840835344013,65.10159164655987,weekday_amp,cases reported in weekday batches
Paraguay,1142,1033,59361.0,0,0.0,53,10,0,0,7,8.25,1.7229716907797883,0.001996007984031936,0.0,10.0,0.0,2.4750726040658275,1.7229716907797883,0.0,0.017973707141755543,0.00037376618828833516,nonconformity,0.2495239548832181,uniform,0.0,0.7142857142857143,0.0,0.41251210067763794,1.0,0.0,0.5991235713918515,0.3489758508140954,65.10241491859045,weekday_amp,cases reported in weekday batches
Gabon,1142,626,1871.0,0,0.0,20,11,0,0,1,6.4772727272727275,1.8285593151011066,0.001996007984031936,0.0,11.0,0.0,0.5834664536741214,1.8285593151011066,0.06456953642384106,0.02824821159682674,0.00044651960927946774,nonconformity,0.3729105042963263,uniform,0.0,0.7857142857142857,0.0,0.09724440894568691,1.0,0.1291390728476821,0.941607053227558,0.3488950177875261,65.1104982212474,weekday_amp,cases reported in weekday batches
Malawi,1142,591,1316.0,2,26.0,2,12,1,4,2,6.363636363636363,0.5514077079209547,0.001996007984031936,0.00338409475465313,12.0,4.0,1.236040609137056,0.5514077079209547,0.0,0.017966613282909154,0.0012000051702030783,nonconformity,0.9067776266214533,uniform,0.1692047377326565,0.8571428571428571,0.2857142857142857,0.20600676818950933,0.5514077079209547,0.0,0.5988871094303051,0.34882604586318755,65.11739541368125,gap_severity,reporting stopped mid-epidemic
Slovakia,1142,1010,33633.0,2,3528.0,3,40,0,0,2,8.742765273311898,1.1935493204967005,0.001996007984031936,0.0019801980198019802,40.0,0.0,0.7232673267326732,1.1935493204967005,0.0,0.006010245357160693,0.7937847975301018,acceptable,0.0723411545390146,uniform,0.09900990099009901,1.0,0.0,0.12054455445544554,1.0,0.0,0.20034151190535646,0.3479007389616044,65.20992610383955,gap_severity,reporting stopped mid-epidemic
Dominica,1142,335,895.0,1,34.0,31,8,0,0,2,6.333333333333333,1.3267554826925723,0.011976047904191617,0.0029850746268656717,8.0,0.0,2.180597014925373,1.3267554826925723,0.013157894736842077,0.012574566937674829,0.8837788962419472,marginal,0.5608683293167831,uniform,0.14925373134328357,0.5714285714285714,0.0,0.36343283582089553,1.0,0.026315789473684154,0.4191522312558276,0.34498493733992075,65.50150626600792,weekday_amp,cases reported in weekday batches
Colombia,1142,1081,35575.0,0,0.0,44,14,0,0,0,0.0,1.6182918887652602,0.001996007984031936,0.0,14.0,0.0,0.0,1.6182918887652602,0.01562499999999998,0.023507036298527753,2.7911096337196483e-08,nonconformity,0.709557963164526,uniform,0.0,1.0,0.0,0.0,1.0,0.03124999999999996,0.7835678766175918,0.3438658938308796,65.61341061691203,gap_severity,reporting stopped mid-epidemic
West Bank and Gaza,1142,836,30356.0,0,0.0,33,19,0,0,2,5.412371134020619,1.3837003018119585,0.001996007984031936,0.0,19.0,0.0,0.8738038277511961,1.3837003018119585,0.0,0.012559784410848311,0.11501561171193479,marginal,0.6777296750293227,uniform,0.0,1.0,0.0,0.14563397129186603,1.0,0.0,0.4186594803616104,0.3427780697118604,65.72219302881396,gap_severity,reporting stopped mid-epidemic
Congo (Brazzaville),1142,678,1188.0,1,302.0,83,18,0,0,0,0.0,1.6991725339842274,0.001996007984031936,0.0014749262536873156,18.0,0.0,0.0,1.6991725339842274,0.0,0.016746525224610505,0.4527362361571008,nonconformity,0.6088643076399254,uniform,0.07374631268436578,1.0,0.0,0.0,1.0,0.0,0.5582175074870168,0.342660137911224,65.73398620887761,gap_severity,reporting stopped mid-epidemic
New Zealand,1142,604,42699.0,4,2.0,12,6,0,0,1,5.451643340147822,1.5061934563293873,0.001996007984031936,0.006622516556291391,6.0,0.0,0.6047185430463576,1.5061934563293873,0.0,0.02650032979597192,5.923278610042211e-05,nonconformity,0.3192918603043531,uniform,0.3311258278145695,0.42857142857142855,0.0,0.10078642384105961,1.0,0.0,0.8833443265323974,0.339796059751407,66.02039402485931,weekday_amp,cases reported in weekday batches
Hungary,1142,1050,45047.0,0,0.0,48,13,2,3,0,0.0,2.239314754628337,0.001996007984031936,0.0,13.0,3.0,0.0,2.239314754628337,0.013783269961977172,0.008423905142267034,0.4232160693660071,acceptable,0.4079912237732805,uniform,0.0,0.9285714285714286,0.21428571428571427,0.0,1.0,0.027566539923954345,0.2807968380755678,0.33960339432094294,66.03966056790571,weekday_amp,cases reported in weekday batches
Botswana,1142,887,41576.0,1,1960.0,119,32,0,0,0,0.0,4.134603765250241,0.001996007984031936,0.0011273957158962795,32.0,0.0,0.0,4.134603765250241,0.007936507936507908,0.013110278935124658,0.8893481981228107,marginal,0.4237128281381097,uniform,0.05636978579481398,1.0,0.0,0.0,1.0,0.015873015873015817,0.4370092978374886,0.33550537443178957,66.44946255682105,gap_severity,reporting stopped mid-epidemic
Angola,1142,806,5035.0,0,0.0,13,34,0,0,2,5.582039911308204,0.7231585899511779,0.001996007984031936,0.0,34.0,0.0,0.9063275434243175,0.7231585899511779,0.07423208191126275,0.018609994841184765,0.001983631709535176,nonconformity,0.07812694723284842,uniform,0.0,1.0,0.0,0.1510545905707196,0.7231585899511779,0.1484641638225255,0.6203331613728256,0.33441825972030476,66.55817402796953,gap_severity,reporting stopped mid-epidemic
Somalia,1142,507,1066.0,0,0.0,35,14,0,0,0,0.0,1.1070191363666602,0.003992015968063872,0.0,14.0,0.0,0.0,1.1070191363666602,0.02616279069767441,0.015566498342987215,0.3185114197468051,nonconformity,0.7765034935455528,uniform,0.0,1.0,0.0,0.0,1.0,0.05232558139534882,0.5188832780995738,0.333793001114281,66.6206998885719,gap_severity,reporting stopped mid-epidemic
Madagascar,1142,701,2295.0,1,7.0,60,12,0,0,1,22.75,1.720815801657143,0.001996007984031936,0.0014265335235378032,12.0,0.0,0.5210413694721826,1.720815801657143,0.01273885350318471,0.013851991984600472,0.17455407865359085,marginal,0.07398288005016189,uniform,0.07132667617689016,0.8571428571428571,0.0,0.08684022824536376,1.0,0.02547770700636942,0.4617330661533491,0.33277110740223403,66.7228892597766,weekday_amp,cases reported in weekday batches
Oman,1142,975,6146.0,0,0.0,27,38,0,0,0,0.0,1.988978803446226,0.001996007984031936,0.0,38.0,0.0,0.0,1.988978803446226,0.0,0.019053765416629967,0.002959967130115905,nonconformity,0.4636169638331722,uniform,0.0,1.0,0.0,0.0,1.0,0.0,0.6351255138876656,0.33175627569438326,66.82437243056168,gap_severity,reporting stopped mid-epidemic
Barbados,1142,683,1329.0,0,0.0,14,16,0,0,1,8.80952380952381,0.806502540386798,0.001996007984031936,0.0,16.0,0.0,0.5347730600292826,0.806502540386798,0.0,0.0265695142659555,9.681146877115127e-07,nonconformity,0.3226203532760389,uniform,0.0,1.0,0.0,0.08912884333821376,0.806502540386798,0.0,0.8856504755318501,0.3286272313353442,67.13727686646558,gap_severity,reporting stopped mid-epidemic
Canada,1142,1093,63678.0,2,8046.0,1,3,0,0,12,10.561108362196933,0.9247258476706576,0.001996007984031936,0.0018298261665141812,3.0,0.0,4.010064043915828,0.9247258476706576,0.0,0.021351191672523084,3.3590089016054947e-07,nonconformity,0.22104703245574772,uniform,0.09149130832570906,0.21428571428571427,0.0,0.6683440073193047,0.9247258476706576,0.0,0.7117063890841029,0.3249869165106984,67.50130834893015,weekday_amp,cases reported in weekday batches
Thailand,1142,880,47149.0,2,9342.0,23,9,0,0,0,0.0,1.063642158990894,0.001996007984031936,0.0022727272727272726,9.0,0.0,0.0,1.063642158990894,0.014913657770800615,0.030704516396492767,5.505121060485984e-13,nonconformity,0.890363767942462,uniform,0.11363636363636363,0.6428571428571429,0.0,0.0,1.0,0.02982731554160123,1.0,0.3236299414870843,67.63700585129158,weekday_amp,cases reported in weekday batches
Switzerland,1142,1097,89462.0,0,0.0,53,12,0,0,0,0.0,2.478972537578582,0.001996007984031936,0.0,12.0,0.0,0.0,2.478972537578582,0.009856630824372735,0.019974030363138433,0.00023383538478993895,nonconformity,0.7598266953716583,uniform,0.0,0.8571428571428571,0.0,0.0,1.0,0.01971326164874547,0.6658010121046144,0.3148184684239711,68.5181531576029,weekday_amp,cases reported in weekday batches
France,1142,1085,503349.0,12,348840.0,1,3,0,0,5,16.15631964342566,0.6569576116852176,0.001996007984031936,0.011059907834101382,3.0,0.0,1.683179723502304,0.6569576116852176,0.0,0.017216323916890878,0.0013198482159146986,nonconformity,0.7374944739932234,uniform,0.5529953917050691,0.21428571428571427,0.0,0.28052995391705066,0.6569576116852176,0.0,0.5738774638963626,0.31205894351902935,68.79410564809707,neg_rate,impossible negative daily counts
Belgium,1142,1094,133480.0,0,0.0,49,13,0,0,0,0.0,1.5781876447405347,0.001996007984031936,0.0,13.0,0.0,0.0,1.5781876447405347,0.0,0.013208970994954041,0.0033389662761819346,marginal,0.7001179825717312,uniform,0.0,0.9285714285714286,0.0,0.0,1.0,0.0,0.44029903316513475,0.311300665943971,68.86993340560291,weekday_amp,cases reported in weekday batches
Libya,1142,752,5694.0,0,0.0,7,8,0,0,2,7.955555555555556,1.1402654125699465,0.001996007984031936,0.0,8.0,0.0,0.9714095744680851,1.1402654125699465,0.0,0.03296806391650192,1.1065591514185774e-13,nonconformity,0.06225501688095592,uniform,0.0,0.5714285714285714,0.0,0.16190159574468085,1.0,0.0,1.0,0.3099995250759878,69.00004749240122,weekday_amp,cases reported in weekday batches
Moldova,1142,1075,10147.0,0,0.0,45,12,0,0,1,9.384615384615385,1.4796377140275616,0.001996007984031936,0.0,12.0,0.0,0.3397674418604651,1.4796377140275616,0.007092198581560259,0.012481188740431763,0.07307731962028091,marginal,0.8392258917363581,uniform,0.0,0.8571428571428571,0.0,0.056627906976744184,1.0,0.014184397163120518,0.4160396246810588,0.3099952554264612,69.00047445735387,weekday_amp,cases reported in weekday batches
North Macedonia,1142,1065,2332.0,1,24.0,16,14,0,0,0,0.0,0.6859104025000408,0.001996007984031936,0.0009389671361502347,14.0,0.0,0.0,0.6859104025000408,0.049999999999999975,0.01956122472161774,9.897344323744068e-06,nonconformity,0.24059604906965468,uniform,0.046948356807511735,1.0,0.0,0.0,0.6859104025000408,0.09999999999999995,0.6520408240539247,0.30987827293920467,69.01217270607954,gap_severity,reporting stopped mid-epidemic
Tunisia,1142,1002,27340.0,1,573.0,52,7,0,0,3,15.990215264187867,2.2207346113215456,0.001996007984031936,0.000998003992015968,7.0,0.0,1.0935628742514971,2.2207346113215456,0.0036563071297988914,0.027648268181955357,2.748222970179138e-09,nonconformity,0.765414008892562,uniform,0.049900199600798396,0.5,0.0,0.1822604790419162,1.0,0.007312614259597783,0.921608939398512,0.3094964508853123,69.05035491146877,weekday_amp,cases reported in weekday batches
Iraq,1142,1042,13515.0,0,0.0,17,13,0,0,0,0.0,0.8658068372186947,0.001996007984031936,0.0,13.0,0.0,0.0,0.8658068372186947,0.0,0.02413262102957399,3.2083287438196544e-10,nonconformity,0.6204754979521636,uniform,0.0,0.9285714285714286,0.0,0.0,0.8658068372186947,0.0,0.8044207009857997,0.3093777749178085,69.06222250821915,gap_severity,reporting stopped mid-epidemic
Suriname,1142,696,1404.0,0,0.0,12,31,0,0,1,5.571428571428571,0.7466455527507626,0.001996007984031936,0.0,31.0,0.0,0.5247844827586207,0.7466455527507626,0.02590090090090088,0.01573481192400968,0.07293055350841095,nonconformity,0.9314341115662252,uniform,0.0,1.0,0.0,0.08746408045977011,0.7466455527507626,0.05180180180180176,0.5244937308003227,0.30911140179186636,69.08885982081337,gap_severity,reporting stopped mid-epidemic
Haiti,1142,711,284.0,1,35.0,8,8,1,3,7,17.0,0.305348859024015,0.05588822355289421,0.0014064697609001407,8.0,3.0,3.595991561181435,0.305348859024015,0.0,0.02357276730516207,8.621142462774633e-07,nonconformity,0.5812407615006926,uniform,0.07032348804500703,0.5714285714285714,0.21428571428571427,0.5993319268635725,0.305348859024015,0.0,0.785758910172069,0.3069119038578858,69.30880961421141,dump_rate,batch releases of withheld cases
Greece,1142,1037,367629.0,0,0.0,26,8,0,0,4,9.176470588235293,1.5335919367623372,0.001996007984031936,0.0,8.0,0.0,1.4088717454194792,1.5335919367623372,0.0,0.0211949311032803,5.5965637857049115e-09,nonconformity,0.3800803251229345,uniform,0.0,0.5714285714285714,0.0,0.23481195756991322,1.0,0.0,0.7064977034426767,0.30626096452190654,69.37390354780935,weekday_amp,cases reported in weekday batches
Saint Kitts and Nevis,1142,186,238.0,0,0.0,1,3,0,0,1,5.580645161290323,0.848079674380452,0.003992015968063872,0.0,3.0,0.0,1.9637096774193548,0.848079674380452,,0.04220419656730447,0.0004976093485260271,nonconformity,,insufficient-data,0.0,0.21428571428571427,0.0,0.3272849462365591,0.848079674380452,,1.0,0.3040559414534221,69.5944058546578,weekday_amp,cases reported in weekday batches
Armenia,1142,974,4388.0,0,0.0,26,13,0,0,0,0.0,0.908469178246949,0.001996007984031936,0.0,13.0,0.0,0.0,0.908469178246949,0.0,0.015092716572451913,0.03518377748752558,nonconformity,0.9316541461574547,uniform,0.0,0.9285714285714286,0.0,0.0,0.908469178246949,0.0,0.5030905524150638,0.30071061864350984,69.92893813564902,gap_severity,reporting stopped mid-epidemic
Bhutan,1142,366,2291.0,0,0.0,19,7,0,0,1,7.6923076923076925,2.1541673344598014,0.001996007984031936,0.0,7.0,0.0,0.9979508196721312,2.1541673344598014,0.0,0.04597402180065154,2.7092437336434733e-09,nonconformity,0.0780859925596112,uniform,0.0,0.5,0.0,0.16632513661202186,1.0,0.0,1.0,0.29994877049180324,70.00512295081968,weekday_amp,cases reported in weekday batches
Sweden,1142,1096,138985.0,0,0.0,131,7,0,0,1,5.67355969704706,2.982739950319522,0.001996007984031936,0.0,7.0,0.0,0.33325729927007297,2.982739950319522,0.04030710172744721,0.028049680022488137,2.3811364912551396e-07,nonconformity,0.48828373542648706,uniform,0.0,0.5,0.0,0.05554288321167883,1.0,0.08061420345489442,0.9349893340829379,0.29217302970413284,70.78269702958671,weekday_amp,cases reported in weekday batches
Portugal,1142,1089,77281.0,1,161.0,26,15,0,0,2,7.03265306122449,0.47607314148686586,0.001996007984031936,0.0009182736455463728,15.0,0.0,0.6707988980716253,0.47607314148686586,0.022877618522601957,0.021017387524295855,2.745425558735473e-06,nonconformity,0.4685598942813354,uniform,0.04591368227731864,1.0,0.0,0.11179981634527088,0.47607314148686586,0.045755237045203914,0.7005795841431952,0.2892559448942245,71.07440551057755,gap_severity,reporting stopped mid-epidemic
Bosnia and Herzegovina,1142,1052,5254.0,0,0.0,12,7,1,3,2,6.125,1.5247664057935044,0.001996007984031936,0.0,7.0,3.0,0.6943916349809887,1.5247664057935044,0.0,0.008782133660310245,0.5664545813814557,acceptable,0.6619420023631768,uniform,0.0,0.5,0.21428571428571427,0.11573193916349811,1.0,0.0,0.29273778867700817,0.2891395374512322,71.08604625487678,weekday_amp,cases reported in weekday batches
Trinidad and Tobago,1142,893,1259.0,0,0.0,23,10,0,0,0,0.0,1.317164086252279,0.001996007984031936,0.0,10.0,0.0,0.0,1.317164086252279,0.00524809160305343,0.017021633992958158,0.00036534056079079794,nonconformity,0.907860453833762,uniform,0.0,0.7142857142857143,0.0,0.0,1.0,0.01049618320610686,0.567387799765272,0.28708667461203674,71.29133253879633,weekday_amp,cases reported in weekday batches
Spain,1142,1099,372766.0,5,74347.0,61,7,0,0,0,0.0,2.2088921725577166,0.001996007984031936,0.004549590536851683,7.0,0.0,0.0,2.2088921725577166,0.0,0.00934666473954719,0.6871579737724235,acceptable,0.10089743598048731,uniform,0.22747952684258416,0.5,0.0,0.0,1.0,0.0,0.3115554913182397,0.2860736799344288,71.39263200655712,weekday_amp,cases reported in weekday batches
Cyprus,1142,947,15386.0,0,0.0,47,7,1,3,0,0.0,2.2901683174877805,0.001996007984031936,0.0,7.0,3.0,0.0,2.2901683174877805,0.0,0.01723705739627447,0.0009394219766763222,nonconformity,0.25497970617937527,uniform,0.0,0.5,0.21428571428571427,0.0,1.0,0.0,0.5745685798758158,0.2858712861366479,71.41287138633521,weekday_amp,cases reported in weekday batches
El Salvador,1142,858,12677.0,1,92.0,42,45,0,0,1,6.979020979020979,0.3196477941723731,0.6387225548902196,0.0011655011655011655,45.0,0.0,0.4256993006993007,0.3196477941723731,0.04077540106951872,0.04077321375244778,9.556320812672963e-13,nonconformity,0.04445823537104703,uniform,0.05827505827505827,1.0,0.0,0.07094988344988344,0.3196477941723731,0.08155080213903744,1.0,0.28247728361920577,71.75227163807942,gap_severity,reporting stopped mid-epidemic
Peru,1142,1084,67101.0,10,65286.0,0,0,0,0,12,21.221062618595827,0.43409965347027235,0.06986027944111776,0.00922509225092251,0.0,0.0,4.043357933579336,0.43409965347027235,0.0,0.013663108398762601,0.0011178280675468932,marginal,0.4618471108258606,uniform,0.46125461254612543,0.0,0.0,0.6738929889298894,0.43409965347027235,0.0,0.45543694662542006,0.28122166620052036,71.87783337994796,dump_rate,batch releases of withheld cases
Belize,1142,724,1517.0,0,0.0,30,7,0,0,2,6.0,1.3323496390983656,0.001996007984031936,0.0,7.0,0.0,1.0089779005524862,1.3323496390983656,0.0,0.017490652558673984,0.013998583124996158,nonconformity,0.43822637334201553,uniform,0.0,0.5,0.0,0.16816298342541436,1.0,0.0,0.5830217519557995,0.27937553511160207,72.0624464888398,weekday_amp,cases reported in weekday batches
Azerbaijan,1142,1040,7779.0,1,25.0,4,13,0,0,3,10.5,0.549607129072562,0.001996007984031936,0.0009615384615384616,13.0,0.0,1.0536057692307692,0.549607129072562,0.0,0.012862103059533418,0.0004264254149063916,marginal,0.7463806893902694,uniform,0.04807692307692308,0.9285714285714286,0.0,0.17560096153846153,0.549607129072562,0.0,0.42873676865111393,0.27911915092530815,72.08808490746918,gap_severity,reporting stopped mid-epidemic
Estonia,1142,980,8438.0,1,770.0,44,7,0,0,0,0.0,2.355502654797667,0.001996007984031936,0.0010204081632653062,7.0,0.0,0.0,2.355502654797667,0.01901669758812615,0.021457175513270477,8.755753924378469e-05,nonconformity,0.8479892746649699,uniform,0.05102040816326531,0.5,0.0,0.0,1.0,0.0380333951762523,0.7152391837756826,0.276671050097875,72.3328949902125,weekday_amp,cases reported in weekday batches
Argentina,1142,1082,139853.0,0,0.0,47,8,0,0,0,0.0,1.2909462707778805,0.001996007984031936,0.0,8.0,0.0,0.0,1.2909462707778805,0.0,0.023854106354100405,4.5305852636029865e-07,nonconformity,0.855349630901533,uniform,0.0,0.5714285714285714,0.0,0.0,1.0,0.0,0.7951368784700136,0.2754711296377864,72.45288703622136,weekday_amp,cases reported in weekday batches
Jordan,1142,847,25502.0,1,110.0,31,8,0,0,0,0.0,1.4931158545451417,0.001996007984031936,0.0011806375442739079,8.0,0.0,0.0,1.4931158545451417,0.022643253234750464,0.010605827296212506,0.3688937222081499,acceptable,0.8172387805025394,uniform,0.05903187721369539,0.5714285714285714,0.0,0.0,1.0,0.04528650646950093,0.3535275765404169,0.27199001595447075,72.80099840455291,weekday_amp,cases reported in weekday batches
Uzbekistan,1142,1069,1478.0,0,0.0,8,10,1,3,3,8.047619047619047,0.5062410409611806,0.001996007984031936,0.0,10.0,3.0,1.025023386342376,0.5062410409611806,0.0,0.01800711631367148,6.000095906014344e-05,nonconformity,0.2512567917242065,uniform,0.0,0.7142857142857143,0.21428571428571427,0.1708372310570627,0.5062410409611806,0.0,0.6002372104557161,0.2708593156112366,72.91406843887633,gap_severity,reporting stopped mid-epidemic
Taiwan*,1142,570,128954.0,2,2.0,1,15,0,0,0,0.0,0.27740171578455586,0.001996007984031936,0.0035087719298245615,15.0,0.0,0.0,0.27740171578455586,0.03485254691689008,0.01899937178689527,2.288058152799216e-05,nonconformity,0.8708306197067097,uniform,0.17543859649122806,1.0,0.0,0.0,0.27740171578455586,0.06970509383378017,0.633312392896509,0.26881936038582144,73.11806396141786,gap_severity,reporting stopped mid-epidemic
Pakistan,1142,1088,12073.0,0,0.0,12,22,0,0,3,19.333333333333332,0.3723737764380991,0.001996007984031936,0.0,22.0,0.0,1.0071231617647058,0.3723737764380991,0.016343825665859554,0.01825567444173936,0.00015762541302899414,nonconformity,0.168951364441566,uniform,0.0,1.0,0.0,0.16785386029411764,0.3723737764380991,0.03268765133171911,0.608522481391312,0.26636341727915597,73.3636582720844,gap_severity,reporting stopped mid-epidemic
Fiji,1142,438,1854.0,0,0.0,19,8,0,0,0,0.0,1.7716589069007873,0.001996007984031936,0.0,8.0,0.0,0.0,1.7716589069007873,0.02052238805970146,0.014211795504198198,0.5907020297119334,marginal,0.6944017319776605,uniform,0.0,0.5714285714285714,0.0,0.0,1.0,0.04104477611940292,0.4737265168066066,0.26555732797252646,73.44426720274735,weekday_amp,cases reported in weekday batches
Croatia,1142,1046,11812.0,0,0.0,3,6,1,3,0,0.0,1.085882724148158,0.001996007984031936,0.0,6.0,3.0,0.0,1.085882724148158,0.0049443757725586845,0.009250893324451505,0.4501828626980622,acceptable,0.5024761872897765,uniform,0.0,0.42857142857142855,0.21428571428571427,0.0,1.0,0.009888751545117369,0.3083631108150502,0.26333003970109153,73.66699602989084,weekday_amp,cases reported in weekday batches
Kazakhstan,1142,1064,66121.0,2,59375.0,13,39,0,0,1,9.69516129032258,0.3077501615594719,0.059880239520958084,0.0018796992481203006,39.0,0.0,0.34328007518796994,0.3077501615594719,0.022633744855967072,0.016879658671552885,4.494446507279177e-05,nonconformity,0.9138332427197033,uniform,0.09398496240601503,1.0,0.0,0.057213345864661654,0.3077501615594719,0.045267489711934145,0.5626552890517629,0.25846440650420127,74.15355934957988,gap_severity,reporting stopped mid-epidemic
Brazil,1142,1088,287149.0,4,19796.0,15,4,0,0,2,6.892412685668407,0.8717023050410054,0.001996007984031936,0.003676470588235294,4.0,0.0,0.6714154411764706,0.8717023050410054,0.0,0.01813632845773172,2.2186717416002186e-05,nonconformity,0.6179049902177833,uniform,0.1838235294117647,0.2857142857142857,0.0,0.11190257352941176,0.8717023050410054,0.0,0.6045442819243907,0.25738979462127787,74.26102053787221,weekday_amp,cases reported in weekday batches
Niger,1142,237,301.0,1,4.0,0,0,0,0,2,9.428571428571429,0.31724792683913183,0.6207584830339321,0.004219409282700422,0.0,0.0,3.0822784810126582,0.31724792683913183,,0.03890059073862574,1.4174529851873042e-06,nonconformity,,insufficient-data,0.21097046413502107,0.0,0.0,0.5137130801687764,0.31724792683913183,,1.0,0.25510381632728285,74.48961836727172,dump_rate,batch releases of withheld cases
Kosovo,1142,876,4397.0,0,0.0,13,10,1,3,1,5.04,0.4221375737704832,0.001996007984031936,0.0,10.0,3.0,0.4169520547945205,0.4221375737704832,0.000696378830083548,0.02420691547384238,3.686661117591555e-06,nonconformity,0.3200587702879577,uniform,0.0,0.7142857142857143,0.21428571428571427,0.06949200913242008,0.4221375737704832,0.001392757660167096,0.8068971824614127,0.25358392449324546,74.64160755067546,gap_severity,reporting stopped mid-epidemic
Czechia,1142,1089,67107.0,5,6885.0,1,4,0,0,2,15.485312899106003,0.8537387651336289,0.001996007984031936,0.004591368227731864,4.0,0.0,0.6707988980716253,0.8537387651336289,0.01036269430051813,0.009963904413182704,0.08729275550735735,acceptable,0.378431526574404,uniform,0.2295684113865932,0.2857142857142857,0.0,0.11179981634527088,0.8537387651336289,0.02072538860103626,0.3321301471060902,0.2533169280017564,74.66830719982435,weekday_amp,cases reported in weekday batches
Syria,1142,699,905.0,0,0.0,1,4,2,4,2,6.241379310344827,0.27950245421980446,0.001996007984031936,0.0,4.0,4.0,1.0450643776824036,0.27950245421980446,0.25403225806451607,0.01390954607761697,0.03976589483574716,marginal,2.9838039104683503e-09,heaping,0.0,0.2857142857142857,0.2857142857142857,0.1741773962804006,0.27950245421980446,0.5080645161290321,0.4636515359205657,0.2531585175046996,74.68414824953004,heaping,counts rounded to 0 or 5
Jamaica,1142,929,1968.0,0,0.0,12,36,1,3,2,13.0,0.15322402027894033,0.8223552894211577,0.0,36.0,3.0,0.7863293864370291,0.15322402027894033,0.01717557251908395,0.013115754426946782,0.02935420065227559,marginal,0.8690645397425216,uniform,0.0,1.0,0.21428571428571427,0.13105489773950485,0.15322402027894033,0.0343511450381679,0.4371918142315594,0.25179695731292706,74.82030426870729,gap_severity,reporting stopped mid-epidemic
Eswatini,1142,684,1642.0,0,0.0,3,9,2,4,1,6.791666666666667,0.4329111468598822,0.001996007984031936,0.0,9.0,4.0,0.5339912280701754,0.4329111468598822,0.0,0.020109207354079835,0.0001685797134510595,nonconformity,0.9502939041882207,uniform,0.0,0.6428571428571429,0.2857142857142857,0.0889985380116959,0.4329111468598822,0.0,0.6703069118026612,0.2510875126065841,74.89124873934159,gap_severity,reporting stopped mid-epidemic
Singapore,1142,1026,39252.0,0,0.0,2,14,1,3,0,0.0,0.2683141822482691,0.001996007984031936,0.0,14.0,3.0,0.0,0.2683141822482691,0.0,0.017008933276803084,1.4185136266564527e-05,nonconformity,0.8427968925965297,uniform,0.0,1.0,0.21428571428571427,0.0,0.2683141822482691,0.0,0.5669644425601028,0.25073820660810264,74.92617933918973,gap_severity,reporting stopped mid-epidemic
Italy,1142,1109,229122.0,1,148.0,19,6,0,0,0,0.0,1.21608748837853,0.001996007984031936,0.0009017132551848512,6.0,0.0,0.0,1.21608748837853,0.014084507042253502,0.011664999190699231,0.023787530330928435,acceptable,0.20903317501910204,uniform,0.045085662759242556,0.42857142857142855,0.0,0.0,1.0,0.028169014084507005,0.38883330635664104,0.2469698642680709,75.30301357319291,weekday_amp,cases reported in weekday batches
Mozambique,1142,830,4947.0,1,16.0,7,14,0,0,1,5.3,0.29341704284215575,0.05389221556886228,0.0012048192771084338,14.0,0.0,0.4400602409638555,0.29341704284215575,0.01057401812688822,0.015769910238758574,0.00356356115060278,nonconformity,0.13640710724154312,uniform,0.06024096385542169,1.0,0.0,0.07334337349397592,0.29341704284215575,0.02114803625377644,0.5256636746252858,0.24651764439083482,75.34823556091652,gap_severity,reporting stopped mid-epidemic
Kuwait,1142,1000,6913.0,0,0.0,30,17,0,0,1,5.1042345276872965,0.3228289439758474,0.19161676646706588,0.0,17.0,0.0,0.36525,0.3228289439758474,0.0,0.02215915912574504,7.333957353497949e-08,nonconformity,0.9491772822889729,uniform,0.0,1.0,0.0,0.060875000000000005,0.3228289439758474,0.0,0.7386386375248347,0.24448752347261885,75.55124765273811,gap_severity,reporting stopped mid-epidemic
Zambia,1142,962,5555.0,0,0.0,26,9,0,0,6,10.4,0.45984233139019415,0.003992015968063872,0.0,9.0,0.0,2.278066528066528,0.45984233139019415,0.007510729613733891,0.011580560693767636,0.06897958436455309,acceptable,0.9929936275530983,uniform,0.0,0.6428571428571429,0.0,0.3796777546777547,0.45984233139019415,0.015021459227467782,0.3860186897922545,0.24391073771249666,75.60892622875033,gap_severity,reporting stopped mid-epidemic
Uganda,1142,785,21324.0,2,104.0,5,12,0,0,1,6.153846153846154,0.31933172937835264,0.07584830339321358,0.0025477707006369425,12.0,0.0,0.46528662420382166,0.31933172937835264,0.022943037974683528,0.011760869663720745,0.26308668187493817,acceptable,0.6002699577867985,uniform,0.12738853503184713,0.8571428571428571,0.0,0.07754777070063694,0.31933172937835264,0.045886075949367056,0.39202898879069153,0.24006542142158604,75.99345785784139,gap_severity,reporting stopped mid-epidemic
Panama,1142,1083,19722.0,0,0.0,37,9,0,0,0,0.0,0.8016895332188786,0.001996007984031936,0.0,9.0,0.0,0.0,0.8016895332188786,0.0,0.013480985967170393,0.04011457141101482,marginal,0.5114977640441303,uniform,0.0,0.6428571428571429,0.0,0.0,0.8016895332188786,0.0,0.4493661989056798,0.23915031135668718,76.08496886433129,weekday_amp,cases reported in weekday batches
Tajikistan,1142,352,407.0,0,0.0,2,4,1,6,0,0.0,0.22437728137275625,0.029940119760479042,0.0,4.0,6.0,0.0,0.22437728137275625,,0.08725095006921471,1.5699342474341153e-68,nonconformity,,insufficient-data,0.0,0.2857142857142857,0.42857142857142855,0.0,0.22437728137275625,,1.0,0.2244699404103183,77.55300595896817,fill_severity,series padded with a constant
Nigeria,1142,926,6158.0,1,30.0,15,6,0,0,2,7.583333333333333,0.6101184213962769,0.001996007984031936,0.0010799136069114472,6.0,0.0,0.7888768898488121,0.6101184213962769,0.01904761904761902,0.017582302543739062,0.00028039370180295693,nonconformity,0.38628024695632635,uniform,0.05399568034557236,0.42857142857142855,0.0,0.1314794816414687,0.6101184213962769,0.03809523809523804,0.5860767514579688,0.22134265909767473,77.86573409023254,weekday_amp,cases reported in weekday batches
Cote d'Ivoire,1142,877,2858.0,1,34.0,1,3,1,3,5,9.076923076923077,0.4910375889894598,0.001996007984031936,0.0011402508551881414,3.0,3.0,2.082383124287343,0.4910375889894598,0.0,0.010664640354678182,0.17109123518295055,acceptable,0.3423153747269568,uniform,0.05701254275940707,0.21428571428571427,0.21428571428571427,0.34706385404789053,0.4910375889894598,0.0,0.3554880118226061,0.21917783988432857,78.08221601156714,weekday_amp,cases reported in weekday batches
Timor-Leste,1142,268,532.0,1,5.0,2,4,1,3,0,0.0,0.36738256897011945,0.05788423153692615,0.0037313432835820895,4.0,3.0,0.0,0.36738256897011945,0.0,0.03138152911162289,0.006177563958736512,nonconformity,0.37243066362846405,uniform,0.18656716417910446,0.2857142857142857,0.21428571428571427,0.0,0.36738256897011945,0.0,1.0,0.2174208181813388,78.25791818186612,weekday_amp,cases reported in weekday batches
Turkey,1142,990,823225.0,0,0.0,13,16,0,0,0,0.0,0.10907622030667863,0.9161676646706587,0.0,16.0,0.0,0.0,0.10907622030667863,0.0,0.030067349533662358,3.3745229307320337e-16,nonconformity,8.925295325755601e-07,non-uniform,0.0,1.0,0.0,0.0,0.10907622030667863,0.0,1.0,0.2163614330460018,78.36385669539982,gap_severity,reporting stopped mid-epidemic
Afghanistan,1142,1069,3243.0,3,48.0,6,4,0,0,6,16.714285714285715,0.4811955858305914,0.001996007984031936,0.002806361085126286,4.0,0.0,2.050046772684752,0.4811955858305914,0.01746724890829693,0.009837387022582203,0.3084499300066947,acceptable,0.5714919805577336,uniform,0.1403180542563143,0.2857142857142857,0.0,0.3416744621141254,0.4811955858305914,0.03493449781659386,0.3279129007527401,0.2159870806102393,78.40129193897607,weekday_amp,cases reported in weekday batches
Germany,1142,1100,484345.0,0,0.0,6,4,0,0,0,0.0,0.9814633901804608,0.001996007984031936,0.0,4.0,0.0,0.0,0.9814633901804608,0.0013736263736263687,0.014379790734553878,0.015779409840552025,marginal,0.8716848738254572,uniform,0.0,0.2857142857142857,0.0,0.0,0.9814633901804608,0.0027472527472527375,0.4793263578184626,0.214455057187223,78.5544942812777,weekday_amp,cases reported in weekday batches
Latvia,1142,946,11992.0,0,0.0,4,4,0,0,2,5.777777777777778,0.8127668271425768,0.001996007984031936,0.0,4.0,0.0,0.7721987315010571,0.8127668271425768,0.024074074074074067,0.013037262735228055,0.006970395712851799,marginal,0.8507634299781279,uniform,0.0,0.2857142857142857,0.0,0.12869978858350953,0.8127668271425768,0.048148148148148134,0.43457542450760184,0.21302812866365808,78.69718713363419,weekday_amp,cases reported in weekday batches
Venezuela,1142,1027,4418.0,0,0.0,0,0,0,0,13,14.8,0.3817074675637767,0.001996007984031936,0.0,0.0,0.0,4.6234177215189876,0.3817074675637767,0.019927536231884035,0.019285029195806762,1.00961940115134e-05,nonconformity,0.4548445041491903,uniform,0.0,0.0,0.0,0.7705696202531646,0.3817074675637767,0.03985507246376807,0.6428343065268921,0.210961539368451,78.9038460631549,dump_rate,batch releases of withheld cases
Senegal,1142,746,1722.0,0,0.0,4,6,1,3,1,5.186046511627907,0.4315605258490399,0.001996007984031936,0.0,6.0,3.0,0.4896112600536193,0.4315605258490399,0.027217741935483854,0.017005408730811647,0.008012061641321813,nonconformity,0.0959260923044845,uniform,0.0,0.42857142857142855,0.21428571428571427,0.08160187667560322,0.4315605258490399,0.05443548387096771,0.5668469576937216,0.20991060227259914,79.00893977274008,weekday_amp,cases reported in weekday batches
Netherlands,1142,1097,380498.0,1,794.0,22,3,0,0,3,179.5,0.7664759268142292,0.001996007984031936,0.0009115770282588879,3.0,0.0,0.9988605287146763,0.7664759268142292,0.0,0.01707329501503331,1.419840619969275e-05,nonconformity,0.6999146901992672,uniform,0.04557885141294439,0.21428571428571427,0.0,0.1664767547857794,0.7664759268142292,0.0,0.5691098338344437,0.20965702135716946,79.03429786428305,weekday_amp,cases reported in weekday batches
Dominican Republic,1142,1081,7439.0,0,0.0,28,17,0,0,0,0.0,0.1670811238693639,0.8163672654690619,0.0,17.0,0.0,0.0,0.1670811238693639,0.018414481897627948,0.01645139282838197,0.00020030162630680943,nonconformity,0.4701470742957451,uniform,0.0,1.0,0.0,0.0,0.1670811238693639,0.036828963795255895,0.5483797609460657,0.20800550119699623,79.19944988030038,gap_severity,reporting stopped mid-epidemic
Bahrain,1142,1085,8173.0,0,0.0,1,17,0,0,0,0.0,0.1737080758842321,0.001996007984031936,0.0,17.0,0.0,0.0,0.1737080758842321,0.0,0.01829344333244466,3.104286882413429e-06,nonconformity,0.713884227033329,uniform,0.0,1.0,0.0,0.0,0.1737080758842321,0.0,0.6097814444148221,0.2065452836033759,79.3454716396624,gap_severity,reporting stopped mid-epidemic
Romania,1142,1085,40018.0,0,0.0,20,6,0,0,0,0.0,0.7629204581849534,0.001996007984031936,0.0,6.0,0.0,0.0,0.7629204581849534,0.0054347826086956555,0.01363654059332143,0.0032039660209458847,marginal,0.4995090880751738,uniform,0.0,0.42857142857142855,0.0,0.0,0.7629204581849534,0.010869565217391311,0.4545513531107143,0.20308178545160166,79.69182145483984,weekday_amp,cases reported in weekday batches
Burma,1142,843,7083.0,0,0.0,3,8,0,0,1,8.030821917808218,0.3813653717009441,0.001996007984031936,0.0,8.0,0.0,0.4332740213523132,0.3813653717009441,0.0,0.028029371220559558,1.3190278143390452e-13,nonconformity,0.1431303177446491,uniform,0.0,0.5714285714285714,0.0,0.0722123368920522,0.3813653717009441,0.0,0.934312374018652,0.20046656070416774,79.95334392958323,gap_severity,reporting stopped mid-epidemic
Mali,1142,622,1217.0,0,0.0,1,3,2,4,0,0.0,0.49143252728150477,0.001996007984031936,0.0,3.0,4.0,0.0,0.49143252728150477,0.0,0.03206829260197978,1.7819520579039893e-11,nonconformity,0.5153669030251298,uniform,0.0,0.21428571428571427,0.2857142857142857,0.0,0.49143252728150477,0.0,1.0,0.19871487909222568,80.12851209077742,weekday_amp,cases reported in weekday batches
Egypt,1142,788,5516.0,0,0.0,5,9,0,0,0,0.0,0.32963125557921835,0.001996007984031936,0.0,9.0,0.0,0.0,0.32963125557921835,0.0,0.04136392181384119,5.110399493485868e-32,nonconformity,6.809518988565077e-22,non-uniform,0.0,0.6428571428571429,0.0,0.0,0.32963125557921835,0.0,1.0,0.19587325976545417,80.41267402345457,gap_severity,reporting stopped mid-epidemic
Denmark,1142,1094,55709.0,1,2001.0,6,5,0,0,0,0.0,0.6968866788627504,0.001996007984031936,0.0009140767824497258,5.0,0.0,0.0,0.6968866788627504,0.016047297297297272,0.013967106250302964,0.00036180293262491744,marginal,0.5035969578365408,uniform,0.04570383912248629,0.35714285714285715,0.0,0.0,0.6968866788627504,0.032094594594594544,0.46557020834343216,0.1953378978316992,80.46621021683008,weekday_amp,cases reported in weekday batches
Slovenia,1142,1025,23332.0,0,0.0,0,0,1,3,0,0.0,0.8970017611756091,0.001996007984031936,0.0,0.0,3.0,0.0,0.8970017611756091,0.0,0.015118880174077007,0.0005437361628856051,nonconformity,0.6244703628551311,uniform,0.0,0.0,0.21428571428571427,0.0,0.8970017611756091,0.0,0.5039626724692337,0.19189125494266018,80.81087450573399,weekday_amp,cases reported in weekday batches
Ukraine,1142,1078,79325.0,0,0.0,6,6,0,0,0,0.0,0.6434009416858346,0.001996007984031936,0.0,6.0,0.0,0.0,0.6434009416858346,0.006446188340807173,0.016049253912618286,8.129401520796839e-05,nonconformity,0.49404062627366374,uniform,0.0,0.42857142857142855,0.0,0.0,0.6434009416858346,0.012892376681614345,0.5349751304206095,0.1894784685618621,81.05215314381378,weekday_amp,cases reported in weekday batches
Lebanon,1142,1056,10760.0,0,0.0,3,6,0,0,2,5.7272727272727275,0.45654277197170245,0.001996007984031936,0.0,6.0,0.0,0.6917613636363635,0.45654277197170245,0.0064496314496314405,0.022343881446975807,8.13717034919027e-09,nonconformity,0.8040336904753561,uniform,0.0,0.42857142857142855,0.0,0.1152935606060606,0.45654277197170245,0.012899262899262881,0.7447960482325269,0.18923585601889453,81.07641439811056,weekday_amp,cases reported in weekday batches
Guyana,1142,797,1186.0,1,15.0,8,3,0,0,0,0.0,0.7175703020716597,0.001996007984031936,0.0012547051442910915,3.0,0.0,0.0,0.7175703020716597,0.003712871287128716,0.019405643413101248,0.001437091992474021,nonconformity,0.7576141189917108,uniform,0.06273525721455457,0.21428571428571427,0.0,0.0,0.7175703020716597,0.007425742574257432,0.6468547804367083,0.18578205430449102,81.4217945695509,weekday_amp,cases reported in weekday batches
Malta,1142,921,1677.0,1,42.0,7,6,0,0,0,0.0,0.47224203787205765,0.001996007984031936,0.0010857763300760044,6.0,0.0,0.0,0.47224203787205765,0.0,0.02291362298219388,1.823267759364573e-06,nonconformity,0.05341077396254282,uniform,0.05428881650380022,0.42857142857142855,0.0,0.0,0.47224203787205765,0.0,0.763787432739796,0.18416915490427277,81.58308450957273,weekday_amp,cases reported in weekday batches
Guatemala,1142,1052,9946.0,0,0.0,0,0,0,0,0,0.0,1.0596057908675314,0.001996007984031936,0.0,0.0,0.0,0.0,1.0596057908675314,0.0,0.01969498685774091,7.550906024570933e-09,nonconformity,0.644067593405375,uniform,0.0,0.0,0.0,0.0,1.0,0.0,0.656499561924697,0.18282497809623485,81.7175021903765,weekday_amp,cases reported in weekday batches
Ethiopia,1142,1023,5185.0,0,0.0,1,8,0,0,0,0.0,0.43351100417118815,0.001996007984031936,0.0,8.0,0.0,0.0,0.43351100417118815,0.0,0.01657600973601911,0.0011190841847514813,nonconformity,0.43616277667403025,uniform,0.0,0.5714285714285714,0.0,0.0,0.43351100417118815,0.0,0.5525336578673037,0.1783676192333291,82.16323807666708,gap_severity,reporting stopped mid-epidemic
Cabo Verde,1142,717,1469.0,0,0.0,0,0,1,3,1,7.909090909090909,0.7471760625333933,0.001996007984031936,0.0,0.0,3.0,0.5094142259414226,0.7471760625333933,0.0,0.01226251187757673,0.0068720648665655535,marginal,0.503198749426927,uniform,0.0,0.0,0.21428571428571427,0.0849023709902371,0.7471760625333933,0.0,0.40875039591922435,0.17739214196736294,82.2607858032637,weekday_amp,cases reported in weekday batches
Kenya,1142,990,3749.0,0,0.0,1,5,0,0,0,0.0,0.6558525345701224,0.001996007984031936,0.0,5.0,0.0,0.0,0.6558525345701224,0.0,0.01445343794768688,0.004184317692994851,marginal,0.21665717252712607,uniform,0.0,0.35714285714285715,0.0,0.0,0.6558525345701224,0.0,0.481781264922896,0.17603837200309172,82.39616279969083,weekday_amp,cases reported in weekday batches
Vietnam,1142,757,454212.0,0,0.0,0,0,1,3,2,5.495404516055826,0.3621539139429162,0.001996007984031936,0.0,0.0,3.0,0.964993394980185,0.3621539139429162,0.061973018549747044,0.026798454732815124,2.6916211181892837e-09,nonconformity,0.1375341040100064,uniform,0.0,0.0,0.21428571428571427,0.1608322324966975,0.3621539139429162,0.12394603709949409,0.8932818244271709,0.17384677589508185,82.61532241049181,weekday_amp,cases reported in weekday batches
Kyrgyzstan,1142,844,11505.0,0,0.0,17,7,0,0,0,0.0,0.5000395318827259,0.003992015968063872,0.0,7.0,0.0,0.0,0.5000395318827259,0.02439024390243901,0.009023883858107089,0.5615237593498108,acceptable,0.2514625206047142,uniform,0.0,0.5,0.0,0.0,0.5000395318827259,0.04878048780487802,0.30079612860356963,0.17236280938331908,82.7637190616681,weekday_amp,cases reported in weekday batches
South Africa,1142,1082,37875.0,0,0.0,4,6,0,0,0,0.0,0.5014810867446944,0.001996007984031936,0.0,6.0,0.0,0.0,0.5014810867446944,0.009773662551440312,0.017422600330616152,2.162237225276754e-05,nonconformity,0.5300044423959995,uniform,0.0,0.42857142857142855,0.0,0.0,0.5014810867446944,0.019547325102880625,0.5807533443538717,0.1714776432805441,82.85223567194559,weekday_amp,cases reported in weekday batches
Sierra Leone,1142,242,192.0,0,0.0,0,0,0,0,0,0.0,0.6169112643638072,0.001996007984031936,0.0,0.0,0.0,0.0,0.6169112643638072,,0.04583062012627673,2.332956862263062e-08,nonconformity,,insufficient-data,0.0,0.0,0.0,0.0,0.6169112643638072,,1.0,0.16769022312302476,83.23097768769753,weekday_amp,cases reported in weekday batches
Chile,1142,1085,41651.0,0,0.0,1,6,0,0,1,10.40935064935065,0.4885565144008367,0.001996007984031936,0.0,6.0,0.0,0.3366359447004608,0.4885565144008367,0.010707635009310976,0.008684646681366268,0.19674536672875145,acceptable,0.5255372618773035,uniform,0.0,0.42857142857142855,0.0,0.05610599078341014,0.4885565144008367,0.02141527001862195,0.2894882227122089,0.16367179170175505,83.6328208298245,weekday_amp,cases reported in weekday batches
Austria,1142,1092,64038.0,4,12934.0,3,4,0,0,1,6.090457804743519,0.33365078914938995,0.001996007984031936,0.003663003663003663,4.0,0.0,0.334478021978022,0.33365078914938995,0.0,0.01427404505174188,0.0036101822683945687,marginal,0.0934014389378635,uniform,0.18315018315018314,0.2857142857142857,0.0,0.055746336996337,0.33365078914938995,0.0,0.47580150172472935,0.16168682349527497,83.8313176504725,weekday_amp,cases reported in weekday batches
US,1142,1098,1354505.0,1,3862.0,0,0,0,0,0,0.0,0.8682158023808793,0.001996007984031936,0.0009107468123861566,0.0,0.0,0.0,0.8682158023808793,0.0,0.01266424493056853,0.004548572846209424,marginal,0.5144139206468812,uniform,0.04553734061930783,0.0,0.0,0.0,0.8682158023808793,0.0,0.4221414976856177,0.16044691336527434,83.95530866347256,weekday_amp,cases reported in weekday batches
Saudi Arabia,1142,1085,5928.0,0,0.0,7,8,0,0,0,0.0,0.20592608943208557,0.001996007984031936,0.0,8.0,0.0,0.0,0.20592608943208557,0.0,0.025485004024747224,7.278498683926652e-13,nonconformity,0.0019284203866302783,non-uniform,0.0,0.5714285714285714,0.0,0.0,0.20592608943208557,0.0,0.8495001341582408,0.15907820583701057,84.09217941629893,gap_severity,reporting stopped mid-epidemic
Togo,1142,684,1002.0,0,0.0,0,0,0,0,1,5.076923076923077,0.5701454721447389,0.001996007984031936,0.0,0.0,0.0,0.5339912280701754,0.5701454721447389,0.022277227722772262,0.047430707964395136,2.4304929533796302e-22,nonconformity,0.7759486726893867,uniform,0.0,0.0,0.0,0.0889985380116959,0.5701454721447389,0.044554455445544525,1.0,0.15555476984029687,84.44452301597032,weekday_amp,cases reported in weekday batches
China,1142,1124,78859.0,2,16.0,2,3,2,3,2,7.207619047619048,0.10322476929784918,0.08383233532934131,0.0017793594306049821,3.0,3.0,0.6499110320284697,0.10322476929784918,0.02145359019264447,0.020942310923329623,5.591453165995977e-10,nonconformity,0.8701329434892093,uniform,0.0889679715302491,0.21428571428571427,0.21428571428571427,0.10831850533807828,0.10322476929784918,0.04290718038528894,0.6980770307776542,0.15515072838382926,84.48492716161708,benford_mad,leading digits depart from Benford
Albania,1142,1003,4789.0,0,0.0,0,0,2,3,1,5.818181818181818,0.5889008594353229,0.001996007984031936,0.0,0.0,3.0,0.3641575274177467,0.5889008594353229,0.0,0.013870571047493112,0.02043157264398457,marginal,0.4309667989883277,uniform,0.0,0.0,0.21428571428571427,0.060692921236291116,0.5889008594353229,0.0,0.4623523682497704,0.15269954265608776,84.73004573439123,weekday_amp,cases reported in weekday batches
Bulgaria,1142,1078,12399.0,0,0.0,0,0,0,0,0,0.0,0.9281870357201722,0.001996007984031936,0.0,0.0,0.0,0.0,0.9281870357201722,0.002361275088547804,0.007557192308742536,0.4843838031256781,acceptable,0.24294902900592755,uniform,0.0,0.0,0.0,0.0,0.9281870357201722,0.004722550177095608,0.25190641029141786,0.15253175839916105,84.7468241600839,weekday_amp,cases reported in weekday batches
Lithuania,1142,1009,15412.0,1,359.0,0,0,0,0,0,0.0,0.8376612445928724,0.001996007984031936,0.0009910802775024777,0.0,0.0,0.0,0.8376612445928724,0.0,0.007331826453649869,0.31636761731265794,acceptable,0.19138202210857486,uniform,0.049554013875123884,0.0,0.0,0.0,0.8376612445928724,0.0,0.24439421512166232,0.14777970022003875,85.22202997799613,weekday_amp,cases reported in weekday batches
Montenegro,1142,988,2960.0,0,0.0,1,3,0,0,1,7.450549450549451,0.3418047642514297,0.001996007984031936,0.0,3.0,0.0,0.36968623481781376,0.3418047642514297,0.0,0.03141682506594959,5.723203931288495e-21,nonconformity,0.8099015249682815,uniform,0.0,0.21428571428571427,0.0,0.06161437246963563,0.3418047642514297,0.0,1.0,0.14265572765101692,85.7344272348983,weekday_amp,cases reported in weekday batches
Bangladesh,1142,1051,16230.0,0,0.0,2,4,0,0,0,0.0,0.3246762868603783,0.001996007984031936,0.0,4.0,0.0,0.0,0.3246762868603783,0.0,0.026835727250876143,8.997050964401575e-13,nonconformity,0.45396222867158875,uniform,0.0,0.2857142857142857,0.0,0.0,0.3246762868603783,0.0,0.8945242416958714,0.1362847979709932,86.37152020290068,weekday_amp,cases reported in weekday batches
Philippines,1142,1084,38867.0,5,343.0,0,0,0,0,0,0.0,0.3860746612584218,0.001996007984031936,0.004612546125461255,0.0,0.0,0.0,0.3860746612584218,0.0,0.019203257085010556,2.7355508333685602e-05,nonconformity,0.9825355599499374,uniform,0.23062730627306272,0.0,0.0,0.0,0.3860746612584218,0.0,0.6401085695003519,0.13604208891839342,86.39579110816065,weekday_amp,cases reported in weekday batches
Mauritania,1142,738,1211.0,1,31.0,0,0,2,3,0,0.0,0.4004183863549966,0.001996007984031936,0.0013550135501355014,0.0,3.0,0.0,0.4004183863549966,0.0,0.017894104112614613,0.00041053156709523026,nonconformity,0.10525413014870248,uniform,0.06775067750677506,0.0,0.21428571428571427,0.0,0.4004183863549966,0.0,0.5964701370871538,0.13557925745181934,86.44207425481807,weekday_amp,cases reported in weekday batches
Indonesia,1142,1086,64718.0,0,0.0,1,3,0,0,0,0.0,0.3183703984399028,0.001996007984031936,0.0,3.0,0.0,0.0,0.3183703984399028,0.0,0.029501243042710883,1.2528382214810665e-17,nonconformity,0.10680813053666659,uniform,0.0,0.21428571428571427,0.0,0.0,0.3183703984399028,0.0,0.9833747680903628,0.12906715531336072,87.09328446866394,benford_mad,leading digits depart from Benford
Poland,1142,1086,57659.0,0,0.0,0,0,0,0,0,0.0,0.6959512056477015,0.001996007984031936,0.0,0.0,0.0,0.0,0.6959512056477015,0.016214908034849936,0.010860257319588633,0.045232456135907796,acceptable,0.07379362546197259,uniform,0.0,0.0,0.0,0.0,0.6959512056477015,0.03242981606969987,0.3620085773196211,0.12735758212359127,87.26424178764087,weekday_amp,cases reported in weekday batches
"Korea, South",1142,1112,621317.0,0,0.0,0,0,1,3,0,0.0,0.39832793584180815,0.001996007984031936,0.0,0.0,3.0,0.0,0.39832793584180815,0.0029443254817987027,0.02049915643898711,6.834302676274236e-08,nonconformity,0.8737931026927785,uniform,0.0,0.0,0.21428571428571427,0.0,0.39832793584180815,0.0058886509635974055,0.6833052146329037,0.12694060589531314,87.3059394104687,weekday_amp,cases reported in weekday batches
Israel,1142,1088,243295.0,3,1149.0,0,0,0,0,1,5.91768826619965,0.4167511168337338,0.001996007984031936,0.0027573529411764708,0.0,0.0,0.3357077205882353,0.4167511168337338,0.03284671532846714,0.011062205729611677,0.003371702795769898,acceptable,0.44132671808426405,uniform,0.13786764705882354,0.0,0.0,0.05595128676470588,0.4167511168337338,0.06569343065693428,0.3687401909870559,0.1267699140994236,87.32300859005764,weekday_amp,cases reported in weekday batches
Norway,1142,1088,26109.0,0,0.0,0,0,0,0,0,0.0,0.6754611811528763,0.001996007984031936,0.0,0.0,0.0,0.0,0.6754611811528763,0.03164556962025316,0.008704194332931738,0.2313833235100361,acceptable,0.169008630550236,uniform,0.0,0.0,0.0,0.0,0.6754611811528763,0.06329113924050632,0.29013981109772463,0.12531983861389362,87.46801613861064,weekday_amp,cases reported in weekday batches
India,1142,1084,414188.0,4,1225.0,0,0,0,0,2,12.008849557522124,0.3054040695536022,0.001996007984031936,0.0036900369003690036,0.0,0.0,0.6738929889298892,0.3054040695536022,0.0,0.011615140178682867,0.008247541155739753,acceptable,0.10340097193580267,uniform,0.18450184501845018,0.0,0.0,0.11231549815498154,0.3054040695536022,0.0,0.38717133928942893,0.11891687112444904,88.1083128875551,weekday_amp,cases reported in weekday batches
Nepal,1142,909,10052.0,1,1.0,0,0,1,3,0,0.0,0.322502870186821,0.001996007984031936,0.0011001100110011,0.0,3.0,0.0,0.322502870186821,0.0,0.016244872024580918,0.00029717958804814307,nonconformity,0.5817695222593388,uniform,0.055005500550055,0.0,0.21428571428571427,0.0,0.322502870186821,0.0,0.5414957341526973,0.11859417448852616,88.14058255114739,weekday_amp,cases reported in weekday batches
Laos,1142,597,3915.0,1,2.0,0,0,0,0,0,0.0,0.4128348503631536,0.001996007984031936,0.0016750418760469012,0.0,0.0,0.0,0.4128348503631536,0.023809523809523794,0.018613193499872567,0.020165653242529075,nonconformity,0.7727602750730935,uniform,0.08375209380234505,0.0,0.0,0.0,0.4128348503631536,0.04761904761904759,0.6204397833290856,0.11684049262425346,88.31595073757465,weekday_amp,cases reported in weekday batches
Algeria,1142,832,2521.0,0,0.0,0,0,1,3,0,0.0,0.12910109653469215,0.001996007984031936,0.0,0.0,3.0,0.0,0.12910109653469215,0.05542986425339364,0.02890342459920952,3.07281505925854e-15,nonconformity,1.106787766662313e-05,non-uniform,0.0,0.0,0.21428571428571427,0.0,0.12910109653469215,0.11085972850678728,0.9634474866403173,0.11630935523109492,88.3690644768905,benford_mad,leading digits depart from Benford
Morocco,1142,1054,12039.0,0,0.0,0,0,0,0,0,0.0,0.6793482385877341,0.001996007984031936,0.0,0.0,0.0,0.0,0.6793482385877341,0.0,0.007605827296212508,0.39635466751721304,acceptable,0.36885915813471737,uniform,0.0,0.0,0.0,0.0,0.6793482385877341,0.0,0.25352757654041697,0.11457861461518096,88.54213853848191,weekday_amp,cases reported in weekday batches
Belarus,1142,822,11170.0,0,0.0,0,0,0,0,1,7.25,0.3314894366615694,0.001996007984031936,0.0,0.0,0.0,0.44434306569343063,0.3314894366615694,0.0,0.07737199577005957,1.3565922267697616e-83,nonconformity,0.004637959197698905,non-uniform,0.0,0.0,0.0,0.07405717761557178,0.3314894366615694,0.0,1.0,0.11083199214157118,88.91680078584288,benford_mad,leading digits depart from Benford
Bolivia,1142,1062,23611.0,0,0.0,0,0,0,0,1,6.633217993079585,0.461960766699381,0.001996007984031936,0.0,0.0,0.0,0.3439265536723164,0.461960766699381,0.0,0.018696179897885863,0.0003633248764287338,nonconformity,0.8831713784241684,uniform,0.0,0.0,0.0,0.0573210922787194,0.461960766699381,0.0,0.6232059965961955,0.10905257867652483,89.09474213234752,weekday_amp,cases reported in weekday batches
Malaysia,1142,1073,33406.0,1,108.0,0,0,0,0,1,9.233333333333333,0.23846997710241735,0.001996007984031936,0.0009319664492078285,0.0,0.0,0.34040074557315936,0.23846997710241735,0.04206859592711682,0.024908901367870762,7.75741294775439e-13,nonconformity,0.10189926459317016,uniform,0.046598322460391424,0.0,0.0,0.05673345759552656,0.23846997710241735,0.08413719185423364,0.8302967122623588,0.10773559408802286,89.22644059119771,benford_mad,leading digits depart from Benford
Sri Lanka,1142,901,11366.0,0,0.0,0,0,1,3,1,6.625,0.2265687448141629,0.001996007984031936,0.0,0.0,3.0,0.40538290788013315,0.2265687448141629,0.0,0.018547698883856437,4.1481154194052505e-06,nonconformity,0.6640846928328781,uniform,0.0,0.0,0.21428571428571427,0.06756381798002219,0.2265687448141629,0.0,0.6182566294618813,0.10717557303507896,89.2824426964921,weekday_amp,cases reported in weekday batches
Rwanda,1142,711,3072.0,1,26.0,0,0,0,0,1,5.05,0.3456851746854174,0.001996007984031936,0.0014064697609001407,0.0,0.0,0.5137130801687764,0.3456851746854174,0.0,0.014161060101735033,0.15256632564132616,marginal,0.8296962979304447,uniform,0.07032348804500703,0.0,0.0,0.08561884669479607,0.3456851746854174,0.0,0.4720353367245011,0.10236206765225847,89.76379323477414,weekday_amp,cases reported in weekday batches
Serbia,1142,1081,36737.0,2,8639.0,0,0,0,0,0,0.0,0.3665139271819603,0.001996007984031936,0.0018501387604070306,0.0,0.0,0.0,0.3665139271819603,0.0,0.015003018611332852,0.00043089860351192916,nonconformity,0.5139985728058449,uniform,0.09250693802035152,0.0,0.0,0.0,0.3665139271819603,0.0,0.5001006203777618,0.09848350770025245,90.15164922997475,weekday_amp,cases reported in weekday batches
Cuba,1142,942,9907.0,0,0.0,0,0,1,3,0,0.0,0.16303202918034032,0.001996007984031936,0.0,0.0,3.0,0.0,0.16303202918034032,0.0,0.02316404597897394,2.9991325163572205e-12,nonconformity,0.007955491536045392,non-uniform,0.0,0.0,0.21428571428571427,0.0,0.16303202918034032,0.0,0.7721348659657981,0.09520440481819809,90.47955951818018,benford_mad,leading digits depart from Benford
Cambodia,1142,527,1130.0,0,0.0,0,0,1,3,0,0.0,0.11982971770859685,0.4630738522954092,0.0,0.0,3.0,0.0,0.11982971770859685,0.018554687499999986,0.021538264418287555,0.0001644603522070609,nonconformity,6.007395491356983e-06,non-uniform,0.0,0.0,0.21428571428571427,0.0,0.11982971770859685,0.03710937499999997,0.7179421472762518,0.09158082841295925,90.84191715870408,benford_mad,leading digits depart from Benford
Japan,1142,1101,260999.0,0,0.0,0,0,0,0,0,0.0,0.5094226897996758,0.001996007984031936,0.0,0.0,0.0,0.0,0.5094226897996758,0.0,0.008214196049373778,0.24962069239958765,acceptable,0.2435678343206256,uniform,0.0,0.0,0.0,0.0,0.5094226897996758,0.0,0.27380653497912594,0.09010373021890766,90.98962697810924,weekday_amp,cases reported in weekday batches
Iran,1142,1106,50228.0,0,0.0,0,0,0,0,0,0.0,0.3008537723707567,0.001996007984031936,0.0,0.0,0.0,0.0,0.3008537723707567,0.03431372549019606,0.017095975679285846,2.7181786163914232e-08,nonconformity,0.30934805891119205,uniform,0.0,0.0,0.0,0.0,0.3008537723707567,0.06862745098039212,0.5698658559761949,0.08391547630148206,91.60845236985179,weekday_amp,cases reported in weekday batches
Qatar,1142,1092,4206.0,0,0.0,0,0,0,0,1,5.658536585365853,0.23075437996294113,0.001996007984031936,0.0,0.0,0.0,0.334478021978022,0.23075437996294113,0.0,0.018327763238359395,3.0277972716900112e-06,nonconformity,0.015848535067417638,uniform,0.0,0.0,0.0,0.055746336996337,0.23075437996294113,0.0,0.6109254412786466,0.07352137960782404,92.6478620392176,weekday_amp,cases reported in weekday batches
Russia,1142,1084,202211.0,0,0.0,0,0,0,0,0,0.0,0.11801528850990062,0.001996007984031936,0.0,0.0,0.0,0.0,0.11801528850990062,0.0,0.022765836183013245,1.1843381995194007e-11,nonconformity,0.42708157572181915,uniform,0.0,0.0,0.0,0.0,0.11801528850990062,0.0,0.7588612061004415,0.05564535358150717,94.4354646418493,benford_mad,leading digits depart from Benford
United Arab Emirates,1142,1080,4471.0,0,0.0,0,0,0,0,0,0.0,0.12665476812025211,0.001996007984031936,0.0,0.0,0.0,0.0,0.12665476812025211,0.0,0.019800622082158235,5.295803875075637e-07,nonconformity,0.004963771986291355,non-uniform,0.0,0.0,0.0,0.0,0.12665476812025211,0.0,0.6600207360719412,0.05199925202163488,94.80007479783652,benford_mad,leading digits depart from Benford
